datetime,P1,P2,P3,P4,P5,P6
2021-09-30 00:00:29,0.02,0.0375,7.0,181.0,801.0,1070.0
2021-09-30 00:01:30,0.02,0.0375,7.0,181.0,800.0,1070.0
2021-09-30 00:02:30,0.02,0.0375,8.0,181.0,799.0,1070.0
2021-09-30 00:03:31,0.02,0.0375,7.0,181.0,800.0,1070.0
2021-09-30 00:04:31,0.02,0.0375,7.0,181.0,800.0,1070.0
2021-09-30 00:05:32,0.02,0.0375,8.0,181.0,800.0,1070.0
2021-09-30 00:06:32,0.02,0.0375,7.0,181.0,800.0,1070.0
2021-09-30 00:07:33,0.02,0.0375,7.0,181.0,800.0,1070.0
2021-09-30 00:08:33,0.02,0.0375,7.0,181.0,800.0,1070.0
2021-09-30 00:09:34,0.02,0.0375,7.0,181.0,800.0,1070.0
2021-09-30 00:10:34,0.02,0.0375,7.0,180.0,800.0,1070.0
2021-09-30 00:11:35,0.02,0.0375,8.0,180.0,801.0,1070.0
2021-09-30 00:12:35,0.02,0.0375,7.0,180.0,800.0,1070.0
2021-09-30 00:13:36,0.02,0.0375,7.0,180.0,800.0,1070.0
2021-09-30 00:14:36,0.02,0.0375,7.0,180.0,800.0,1070.0
2021-09-30 00:15:37,0.02,0.0375,7.0,180.0,801.0,1070.0
2021-09-30 00:16:37,0.02,0.0375,7.0,180.0,800.0,1070.0
2021-09-30 00:17:38,0.02,0.0375,7.0,180.0,801.0,1070.0
2021-09-30 00:18:38,0.02,0.0375,7.0,180.0,801.0,1070.0
2021-09-30 00:19:39,0.02,0.0375,8.0,179.0,799.0,1070.0
2021-09-30 00:20:39,0.02,0.0375,7.0,179.0,800.0,1070.0
2021-09-30 00:21:39,0.02,0.0375,7.0,179.0,800.0,1070.0
2021-09-30 00:22:40,0.02,0.0375,7.0,179.0,800.0,1070.0
2021-09-30 00:23:40,0.02,0.0375,7.0,179.0,799.0,1070.0
2021-09-30 00:24:41,0.02,0.0375,7.0,179.0,800.0,1070.0
2021-09-30 00:25:42,0.02,0.0376,7.0,179.0,800.0,1070.0
2021-09-30 00:26:42,0.02,0.0375,7.0,179.0,799.0,1070.0
2021-09-30 00:27:43,0.02,0.0376,7.0,179.0,800.0,1070.0
2021-09-30 00:28:43,0.02,0.0376,7.0,179.0,799.0,1070.0
2021-09-30 00:29:44,0.02,0.0375,7.0,178.0,799.0,1070.0
2021-09-30 00:30:44,0.02,0.0376,7.0,178.0,799.0,1070.0
2021-09-30 00:31:45,0.02,0.0376,7.0,178.0,800.0,1070.0
2021-09-30 00:32:45,0.02,0.0377,7.0,178.0,800.0,1070.0
2021-09-30 00:33:46,0.02,0.0377,7.0,178.0,799.0,1070.0
2021-09-30 00:34:46,0.02,0.0377,7.0,178.0,799.0,1070.0
2021-09-30 00:35:47,0.02,0.0377,7.0,178.0,801.0,1070.0
2021-09-30 00:36:47,0.02,0.0377,7.0,178.0,799.0,1070.0
2021-09-30 00:37:47,0.02,0.0378,7.0,178.0,799.0,1070.0
2021-09-30 00:38:48,0.02,0.0377,7.0,177.0,799.0,1070.0
2021-09-30 00:39:48,0.02,0.0378,7.0,177.0,799.0,1070.0
2021-09-30 00:40:49,0.02,0.0378,7.0,177.0,799.0,1070.0
2021-09-30 00:41:50,0.02,0.0378,7.0,177.0,799.0,1070.0
2021-09-30 00:42:50,0.02,0.0378,7.0,177.0,800.0,1070.0
2021-09-30 00:43:51,0.02,0.0378,7.0,177.0,799.0,1070.0
2021-09-30 00:44:51,0.02,0.0378,7.0,177.0,799.0,1070.0
2021-09-30 00:45:52,0.02,0.0379,7.0,177.0,799.0,1070.0
2021-09-30 00:46:52,0.02,0.0379,7.0,177.0,800.0,1070.0
2021-09-30 00:47:53,0.02,0.0379,7.0,177.0,799.0,1070.0
2021-09-30 00:48:53,0.02,0.0379,7.0,177.0,800.0,1070.0
2021-09-30 00:49:54,0.02,0.0379,7.0,177.0,800.0,1070.0
2021-09-30 00:50:54,0.02,0.0379,7.0,176.0,799.0,1070.0
2021-09-30 00:51:55,0.02,0.0379,7.0,176.0,799.0,1070.0
2021-09-30 00:52:55,0.02,0.0379,7.0,176.0,799.0,1070.0
2021-09-30 00:53:56,0.02,0.0379,7.0,176.0,799.0,1070.0
2021-09-30 00:54:56,0.02,0.0379,7.0,176.0,800.0,1070.0
2021-09-30 00:55:57,0.02,0.0379,8.0,176.0,801.0,1070.0
2021-09-30 00:56:57,0.02,0.0379,7.0,176.0,799.0,1070.0
2021-09-30 00:57:58,0.02,0.0379,8.0,176.0,799.0,1070.0
2021-09-30 00:58:58,0.02,0.0379,7.0,176.0,800.0,1070.0
2021-09-30 00:59:58,0.02,0.0379,7.0,176.0,800.0,1070.0
2021-09-30 01:00:59,0.02,0.0379,7.0,176.0,799.0,1070.0
2021-09-30 01:01:59,0.02,0.0379,7.0,176.0,800.0,1070.0
2021-09-30 01:03:00,0.02,0.0379,7.0,175.0,799.0,1070.0
2021-09-30 01:04:00,0.02,0.0379,7.0,175.0,799.0,1070.0
2021-09-30 01:05:01,0.02,0.0379,7.0,175.0,799.0,1070.0
2021-09-30 01:06:01,0.02,0.0379,7.0,175.0,799.0,1070.0
2021-09-30 01:07:02,0.02,0.0379,7.0,175.0,799.0,1070.0
2021-09-30 01:08:02,0.02,0.0379,7.0,175.0,799.0,1070.0
2021-09-30 01:09:02,0.02,0.0379,7.0,175.0,799.0,1070.0
2021-09-30 01:10:03,0.02,0.0379,7.0,175.0,799.0,1070.0
2021-09-30 01:11:03,0.02,0.038,7.0,175.0,801.0,1070.0
2021-09-30 01:12:04,0.02,0.0379,7.0,175.0,799.0,1070.0
2021-09-30 01:13:04,0.02,0.038,7.0,175.0,799.0,1070.0
2021-09-30 01:14:05,0.02,0.0381,7.0,174.0,800.0,1070.0
2021-09-30 01:15:05,0.02,0.038,7.0,174.0,799.0,1070.0
2021-09-30 01:16:06,0.02,0.038,7.0,174.0,799.0,1070.0
2021-09-30 01:17:06,0.02,0.0381,7.0,174.0,799.0,1070.0
2021-09-30 01:18:06,0.02,0.0381,7.0,174.0,798.0,1070.0
2021-09-30 01:19:07,0.02,0.0381,7.0,174.0,799.0,1070.0
2021-09-30 01:20:07,0.02,0.0381,7.0,174.0,799.0,1070.0
2021-09-30 01:21:08,0.02,0.0381,7.0,174.0,798.0,1070.0
2021-09-30 01:22:08,0.02,0.0381,7.0,174.0,799.0,1070.0
2021-09-30 01:23:09,0.02,0.0382,7.0,174.0,799.0,1060.0
2021-09-30 01:24:09,0.02,0.0381,7.0,174.0,798.0,1070.0
2021-09-30 01:25:10,0.02,0.0382,7.0,174.0,799.0,1070.0
2021-09-30 01:26:10,0.02,0.0383,7.0,173.0,798.0,1070.0
2021-09-30 01:27:11,0.02,0.0382,7.0,173.0,798.0,1070.0
2021-09-30 01:28:11,0.02,0.0382,7.0,173.0,798.0,1070.0
2021-09-30 01:29:12,0.02,0.0382,7.0,173.0,799.0,1070.0
2021-09-30 01:30:12,0.02,0.0383,7.0,173.0,799.0,1070.0
2021-09-30 01:31:13,0.02,0.0383,7.0,173.0,799.0,1060.0
2021-09-30 01:32:13,0.02,0.0383,7.0,173.0,799.0,1070.0
2021-09-30 01:33:14,0.02,0.0382,7.0,173.0,799.0,1070.0
2021-09-30 01:34:14,0.02,0.0383,7.0,173.0,798.0,1070.0
2021-09-30 01:35:14,0.02,0.0383,7.0,173.0,799.0,1060.0
2021-09-30 01:36:15,0.02,0.0383,7.0,173.0,799.0,1070.0
2021-09-30 01:37:15,0.02,0.0383,7.0,173.0,798.0,1060.0
2021-09-30 01:38:16,0.02,0.0383,7.0,173.0,798.0,1060.0
2021-09-30 01:39:16,0.02,0.0383,7.0,172.0,799.0,1070.0
2021-09-30 01:40:17,0.02,0.0383,7.0,172.0,799.0,1070.0
2021-09-30 01:41:17,0.02,0.0383,7.0,172.0,798.0,1070.0
2021-09-30 01:42:18,0.02,0.0383,8.0,172.0,798.0,1070.0
2021-09-30 01:43:18,0.02,0.0383,7.0,172.0,799.0,1070.0
2021-09-30 01:44:19,0.02,0.0383,7.0,172.0,799.0,1070.0
2021-09-30 01:45:19,0.02,0.0383,7.0,172.0,798.0,1070.0
2021-09-30 01:46:20,0.02,0.0383,7.0,172.0,799.0,1060.0
2021-09-30 01:47:20,0.02,0.0383,7.0,172.0,799.0,1070.0
2021-09-30 01:48:21,0.02,0.0384,7.0,172.0,798.0,1070.0
2021-09-30 01:49:21,0.02,0.0383,7.0,172.0,799.0,1070.0
2021-09-30 01:50:22,0.02,0.0383,7.0,172.0,799.0,1070.0
2021-09-30 01:51:22,0.02,0.0384,7.0,172.0,798.0,1060.0
2021-09-30 01:52:23,0.02,0.0383,7.0,172.0,799.0,1070.0
2021-09-30 01:53:23,0.02,0.0384,7.0,171.0,799.0,1060.0
2021-09-30 01:54:23,0.02,0.0384,7.0,171.0,798.0,1070.0
2021-09-30 01:55:24,0.02,0.0384,7.0,171.0,799.0,1070.0
2021-09-30 01:56:24,0.02,0.0384,7.0,171.0,799.0,1070.0
2021-09-30 01:57:25,0.02,0.0384,7.0,171.0,799.0,1070.0
2021-09-30 01:58:25,0.02,0.0384,7.0,171.0,798.0,1060.0
2021-09-30 01:59:26,0.02,0.0385,7.0,171.0,799.0,1060.0
2021-09-30 02:00:26,0.02,0.0385,7.0,171.0,798.0,1070.0
2021-09-30 02:01:27,0.02,0.0385,7.0,171.0,798.0,1060.0
2021-09-30 02:02:27,0.02,0.0385,7.0,171.0,799.0,1070.0
2021-09-30 02:03:28,0.02,0.0385,7.0,171.0,798.0,1070.0
2021-09-30 02:04:28,0.02,0.0386,7.0,171.0,800.0,1060.0
2021-09-30 02:05:29,0.02,0.0386,7.0,171.0,799.0,1060.0
2021-09-30 02:06:29,0.02,0.0386,7.0,171.0,798.0,1060.0
2021-09-30 02:07:30,0.02,0.0386,7.0,170.0,799.0,1060.0
2021-09-30 02:08:30,0.02,0.0386,7.0,170.0,798.0,1070.0
2021-09-30 02:09:31,0.02,0.0386,7.0,170.0,799.0,1060.0
2021-09-30 02:10:31,0.02,0.0387,7.0,170.0,799.0,1070.0
2021-09-30 02:11:32,0.02,0.0387,7.0,170.0,799.0,1070.0
2021-09-30 02:12:32,0.02,0.0386,7.0,170.0,798.0,1070.0
2021-09-30 02:13:32,0.02,0.0387,7.0,170.0,799.0,1060.0
2021-09-30 02:14:33,0.02,0.0387,7.0,170.0,799.0,1070.0
2021-09-30 02:15:33,0.02,0.0387,7.0,170.0,799.0,1070.0
2021-09-30 02:16:34,0.02,0.0387,7.0,170.0,798.0,1070.0
2021-09-30 02:17:34,0.02,0.0387,7.0,170.0,798.0,1070.0
2021-09-30 02:18:35,0.02,0.0387,7.0,170.0,799.0,1070.0
2021-09-30 02:19:36,0.02,0.0387,7.0,170.0,799.0,1070.0
2021-09-30 02:20:36,0.02,0.0387,3.0,170.0,799.0,1060.0
2021-09-30 02:21:36,0.02,0.0387,2.0,169.0,798.0,888.0
2021-09-30 02:22:37,0.02,0.0387,1.0,170.0,797.0,516.0
2021-09-30 02:23:37,0.02,0.0387,1.0,169.0,798.0,300.0
2021-09-30 02:24:38,0.02,0.0387,0.0,169.0,798.0,173.0
2021-09-30 02:25:38,0.02,0.0387,0.0,169.0,798.0,100.0
2021-09-30 02:26:39,0.02,0.0387,0.0,169.0,798.0,58.1
2021-09-30 02:27:39,0.02,0.0387,-1.0,169.0,798.0,34.0
2021-09-30 02:28:40,0.02,0.0387,-1.0,169.0,797.0,20.4
2021-09-30 02:29:40,0.02,0.0387,-2.0,169.0,798.0,12.8
2021-09-30 02:30:41,0.02,0.0388,-2.0,169.0,798.0,8.46
2021-09-30 02:31:42,0.02,0.0387,-2.0,169.0,798.0,5.65
2021-09-30 02:32:42,0.02,0.0387,-2.0,169.0,796.0,3.99
2021-09-30 02:33:43,0.02,0.0388,-2.0,169.0,798.0,3.07
2021-09-30 02:34:43,0.02,0.0388,-3.0,169.0,798.0,2.48
2021-09-30 02:35:44,0.02,0.0389,-3.0,169.0,798.0,2.06
2021-09-30 02:36:44,0.02,0.0389,-3.0,169.0,799.0,1.76
2021-09-30 02:37:45,0.02,0.0389,-3.0,169.0,799.0,1.53
2021-09-30 02:38:46,0.02,0.039,-4.0,169.0,799.0,1.33
2021-09-30 02:39:46,0.02,0.039,-4.0,169.0,799.0,1.19
2021-09-30 02:40:47,0.02,0.039,-3.0,169.0,799.0,0.9940000000000001
2021-09-30 02:41:47,0.02,0.039,-4.0,169.0,798.0,0.894
2021-09-30 02:42:48,0.02,0.039,-4.0,168.0,799.0,0.8190000000000001
2021-09-30 02:43:48,0.02,0.0391,-4.0,168.0,799.0,0.754
2021-09-30 02:44:49,0.02,0.039,-4.0,168.0,798.0,0.696
2021-09-30 02:45:50,0.02,0.039,-4.0,168.0,798.0,0.644
2021-09-30 02:46:50,0.02,0.039,-4.0,168.0,799.0,0.599
2021-09-30 02:47:51,0.557,0.039,-4.0,168.0,798.0,0.616
2021-09-30 02:48:52,0.311,0.0391,-4.0,168.0,798.0,0.325
2021-09-30 02:49:53,0.0856,0.0391,-4.0,168.0,798.0,0.0545
2021-09-30 02:50:53,0.0647,0.039,-4.0,168.0,797.0,0.0395
2021-09-30 02:51:54,0.0544,0.0391,-4.0,168.0,796.0,0.0326
2021-09-30 02:52:55,0.048,0.039,-4.0,168.0,797.0,0.0285
2021-09-30 02:53:55,0.0436,0.0391,-4.0,168.0,798.0,0.0253
2021-09-30 02:54:56,0.0399,0.0391,-4.0,168.0,796.0,0.0229
2021-09-30 02:55:57,0.0363,0.0392,-4.0,168.0,796.0,0.0209
2021-09-30 02:56:58,0.0338,0.0392,-4.0,168.0,798.0,0.0194
2021-09-30 02:57:58,0.0316,0.0392,-4.0,167.0,797.0,0.0182
2021-09-30 02:58:59,0.03,0.0393,-4.0,168.0,798.0,0.0172
2021-09-30 03:00:00,0.0286,0.0393,-4.0,167.0,798.0,0.0163
2021-09-30 03:01:00,0.0274,0.0394,-4.0,167.0,797.0,0.0155
2021-09-30 03:02:01,0.0264,0.0394,-4.0,167.0,797.0,0.0149
2021-09-30 03:03:02,0.0256,0.0395,-4.0,167.0,797.0,0.0143
2021-09-30 03:04:02,0.0248,0.0394,-4.0,167.0,797.0,0.0138
2021-09-30 03:05:03,0.0242,0.0394,-4.0,167.0,797.0,0.0134
2021-09-30 03:06:03,0.0237,0.0395,-4.0,167.0,797.0,0.0129
2021-09-30 03:07:04,0.0231,0.0395,-4.0,167.0,796.0,0.0126
2021-09-30 03:08:05,0.0226,0.0395,-4.0,167.0,796.0,0.0122
2021-09-30 03:09:05,0.0222,0.0395,-4.0,167.0,798.0,0.0118
2021-09-30 03:10:06,0.0218,0.0395,-4.0,167.0,798.0,0.0116
2021-09-30 03:11:07,0.0215,0.0395,-4.0,167.0,798.0,0.0114
2021-09-30 03:12:08,0.0212,0.0395,-4.0,167.0,798.0,0.0112
2021-09-30 03:13:08,0.0209,0.0395,-4.0,167.0,798.0,0.011
2021-09-30 03:14:09,0.0205,0.0396,-4.0,167.0,798.0,0.0108
2021-09-30 03:15:09,0.02,0.0395,-4.0,167.0,798.0,0.0106
2021-09-30 03:16:10,0.0198,0.0396,-4.0,167.0,798.0,0.0104
2021-09-30 03:17:11,0.0194,0.0396,-4.0,167.0,798.0,0.0102
2021-09-30 03:18:12,0.0191,0.0396,-4.0,167.0,796.0,0.0101
2021-09-30 03:19:12,0.0189,0.0396,-4.0,166.0,797.0,0.00995
2021-09-30 03:20:13,0.0187,0.0397,-4.0,166.0,797.0,0.00982
2021-09-30 03:21:14,0.0185,0.0397,-4.0,166.0,797.0,0.00972
2021-09-30 03:22:15,0.0182,0.0397,-4.0,166.0,798.0,0.00957
2021-09-30 03:23:15,0.018,0.0399,-4.0,166.0,798.0,0.00949
2021-09-30 03:24:16,0.0178,0.0399,-4.0,166.0,797.0,0.009309999999999999
2021-09-30 03:25:17,0.0175,0.0399,-4.0,166.0,797.0,0.00926
2021-09-30 03:26:17,0.0173,0.0399,-4.0,166.0,797.0,0.00909
2021-09-30 03:27:18,0.0171,0.0399,-4.0,166.0,798.0,0.00903
2021-09-30 03:28:19,0.017,0.0399,-4.0,166.0,796.0,0.00894
2021-09-30 03:29:20,0.0169,0.0399,-4.0,166.0,796.0,0.00884
2021-09-30 03:30:20,0.0167,0.0399,-4.0,166.0,798.0,0.008759999999999999
2021-09-30 03:31:21,0.0165,0.0399,-4.0,166.0,798.0,0.00863
2021-09-30 03:32:22,0.0162,0.0399,-4.0,166.0,797.0,0.00855
2021-09-30 03:33:23,0.0161,0.0399,-4.0,166.0,798.0,0.008440000000000001
2021-09-30 03:34:23,0.0159,0.0399,-4.0,166.0,798.0,0.00838
2021-09-30 03:35:24,0.0158,0.0399,-4.0,166.0,797.0,0.0083
2021-09-30 03:36:25,0.0157,0.04,-4.0,166.0,798.0,0.0082
2021-09-30 03:37:26,0.0156,0.04,-4.0,166.0,796.0,0.008140000000000001
2021-09-30 03:38:26,0.0154,0.04,-4.0,166.0,798.0,0.00807
2021-09-30 03:39:27,0.0153,0.04,-4.0,166.0,798.0,0.00798
2021-09-30 03:40:28,0.0151,0.0401,-4.0,166.0,796.0,0.00796
2021-09-30 03:41:28,0.015,0.0401,-4.0,166.0,798.0,0.00785
2021-09-30 03:42:29,0.0149,0.0401,-4.0,166.0,798.0,0.007790000000000001
2021-09-30 03:43:30,0.0148,0.0402,-4.0,165.0,799.0,0.00775
2021-09-30 03:44:30,0.0147,0.0403,-4.0,165.0,799.0,0.007690000000000001
2021-09-30 03:45:31,0.0146,0.0402,-4.0,165.0,799.0,0.007540000000000001
2021-09-30 03:46:31,0.0143,0.0403,-4.0,165.0,799.0,0.007409999999999999
2021-09-30 03:47:32,0.014,0.0403,-4.0,165.0,798.0,0.0072900000000000005
2021-09-30 03:48:33,0.0138,0.0403,-4.0,165.0,798.0,0.00715
2021-09-30 03:49:33,0.0137,0.0403,-4.0,165.0,798.0,0.00705
2021-09-30 03:50:34,0.0135,0.0403,-4.0,165.0,799.0,0.00692
2021-09-30 03:51:35,0.0133,0.0404,-4.0,165.0,799.0,0.00686
2021-09-30 03:52:36,0.0101,0.0403,-4.0,165.0,798.0,0.00457
2021-09-30 03:53:37,0.00624,0.0403,-4.0,165.0,798.0,0.00271
2021-09-30 03:54:37,0.00371,0.0405,-4.0,165.0,798.0,0.0015400000000000001
2021-09-30 03:55:38,0.00256,0.0406,-4.0,165.0,799.0,0.0010199999999999999
2021-09-30 03:56:39,0.0016899999999999999,0.0407,-4.0,165.0,799.0,0.000711
2021-09-30 03:57:40,0.00115,0.0407,-4.0,165.0,799.0,0.000534
2021-09-30 03:58:40,0.0008289999999999999,0.0408,-4.0,165.0,799.0,0.0005009999999999999
2021-09-30 03:59:41,0.0006490000000000001,0.0408,-4.0,165.0,799.0,0.0005009999999999999
2021-09-30 04:00:42,0.000536,0.0408,-4.0,165.0,799.0,0.0005009999999999999
2021-09-30 04:01:42,0.000463,0.0411,-4.0,165.0,799.0,0.0005009999999999999
2021-09-30 04:02:43,0.00040899999999999997,0.0411,-4.0,165.0,799.0,0.0005009999999999999
2021-09-30 04:03:44,0.00036899999999999997,0.0411,-4.0,165.0,799.0,0.0005009999999999999
2021-09-30 04:04:45,0.000339,0.0411,-4.0,165.0,799.0,0.0005009999999999999
2021-09-30 04:05:45,0.000317,0.0412,-4.0,164.0,799.0,0.0005009999999999999
2021-09-30 04:06:46,0.0003,0.0412,-4.0,164.0,799.0,0.0005009999999999999
2021-09-30 04:07:47,0.000286,0.0413,-4.0,164.0,798.0,0.0005009999999999999
2021-09-30 04:08:48,0.000273,0.0413,-4.0,164.0,800.0,0.0005009999999999999
2021-09-30 04:09:48,0.000264,0.0415,-4.0,164.0,799.0,0.0005009999999999999
2021-09-30 04:10:49,0.00025699999999999996,0.0415,-4.0,164.0,799.0,0.0005009999999999999
2021-09-30 04:11:49,0.00025,0.0415,-4.0,164.0,799.0,0.0005009999999999999
2021-09-30 04:12:50,0.000381,0.0415,-4.0,164.0,799.0,0.0005009999999999999
2021-09-30 04:13:51,0.0006799999999999999,0.0415,-4.0,164.0,799.0,0.0005009999999999999
2021-09-30 04:14:52,0.000266,0.0416,-4.0,164.0,799.0,0.0005009999999999999
2021-09-30 04:15:52,0.000241,0.0417,-4.0,164.0,798.0,0.0005009999999999999
2021-09-30 04:16:53,0.000231,0.0417,-4.0,164.0,799.0,0.0005009999999999999
2021-09-30 04:17:54,0.000223,0.0418,-4.0,164.0,799.0,0.0005009999999999999
2021-09-30 04:18:54,0.000217,0.0418,-4.0,164.0,799.0,0.0005009999999999999
2021-09-30 04:19:55,0.00021099999999999998,0.0419,-4.0,164.0,799.0,0.0005009999999999999
2021-09-30 04:20:56,0.000207,0.0419,-4.0,164.0,799.0,0.0005009999999999999
2021-09-30 04:21:57,0.00020299999999999997,0.0419,-4.0,164.0,798.0,0.0005009999999999999
2021-09-30 04:22:57,0.000198,0.042,-4.0,164.0,799.0,0.0005009999999999999
2021-09-30 04:23:58,0.000193,0.042,-4.0,164.0,800.0,0.0005009999999999999
2021-09-30 04:24:59,0.00018899999999999999,0.042,-4.0,164.0,798.0,0.0005009999999999999
2021-09-30 04:25:59,0.000185,0.042,-4.0,164.0,799.0,0.0005009999999999999
2021-09-30 04:27:00,0.000182,0.0421,-4.0,164.0,799.0,0.0005009999999999999
2021-09-30 04:28:00,0.00017900000000000001,0.0422,-4.0,164.0,798.0,0.0005009999999999999
2021-09-30 04:29:01,0.000177,0.0422,-4.0,164.0,799.0,0.0005009999999999999
2021-09-30 04:30:02,0.000173,0.0423,-4.0,164.0,799.0,0.0005009999999999999
2021-09-30 04:31:02,0.00016999999999999999,0.0423,-4.0,164.0,799.0,0.0005009999999999999
2021-09-30 04:32:03,0.000169,0.0423,-4.0,164.0,799.0,0.0005009999999999999
2021-09-30 04:33:04,0.000165,0.0423,-4.0,164.0,798.0,0.0005009999999999999
2021-09-30 04:34:05,0.000162,0.0423,-4.0,163.0,799.0,0.0005009999999999999
2021-09-30 04:35:05,0.00016,0.0424,-4.0,163.0,799.0,0.0005009999999999999
2021-09-30 04:36:06,0.00015800000000000002,0.0424,-4.0,163.0,799.0,0.0005009999999999999
2021-09-30 04:37:07,0.000156,0.0425,-4.0,163.0,799.0,0.0005009999999999999
2021-09-30 04:38:08,0.000154,0.0425,-4.0,163.0,800.0,0.0005009999999999999
2021-09-30 04:39:08,0.000152,0.0426,-4.0,163.0,799.0,0.0005009999999999999
2021-09-30 04:40:09,0.00015,0.0426,-4.0,163.0,800.0,0.0005009999999999999
2021-09-30 04:41:10,0.000149,0.0427,-4.0,163.0,800.0,0.0005009999999999999
2021-09-30 04:42:10,0.000147,0.0427,-4.0,163.0,800.0,0.0005009999999999999
2021-09-30 04:43:11,0.000145,0.0427,-4.0,163.0,799.0,0.0005009999999999999
2021-09-30 04:44:11,0.000144,0.0427,-4.0,163.0,799.0,0.0005009999999999999
2021-09-30 04:45:12,0.00014199999999999998,0.0427,-4.0,163.0,800.0,0.0005009999999999999
2021-09-30 04:46:13,0.00014,0.0427,-4.0,163.0,801.0,0.0005009999999999999
2021-09-30 04:47:13,0.000139,0.0428,-4.0,163.0,799.0,0.0005009999999999999
2021-09-30 04:48:14,0.000138,0.0428,-4.0,163.0,800.0,0.0005009999999999999
2021-09-30 04:49:15,0.00013700000000000002,0.0428,-4.0,163.0,799.0,0.0005009999999999999
2021-09-30 04:50:15,0.00013700000000000002,0.0429,-4.0,163.0,799.0,0.0005009999999999999
2021-09-30 04:51:16,0.000136,0.043,-4.0,163.0,799.0,0.0005009999999999999
2021-09-30 04:52:17,0.000134,0.043,-4.0,163.0,800.0,0.0005009999999999999
2021-09-30 04:53:17,0.000132,0.043,-3.0,163.0,800.0,0.0005009999999999999
2021-09-30 04:54:18,0.000131,0.043,-4.0,163.0,799.0,0.0005009999999999999
2021-09-30 04:55:19,0.000129,0.0431,-4.0,163.0,799.0,0.0005009999999999999
2021-09-30 04:56:20,0.000128,0.043,-4.0,163.0,800.0,0.0005009999999999999
2021-09-30 04:57:20,0.000126,0.043,-4.0,163.0,800.0,0.0005009999999999999
2021-09-30 04:58:21,0.000125,0.043,-4.0,163.0,800.0,0.0005009999999999999
2021-09-30 04:59:22,0.000124,0.0431,-4.0,163.0,800.0,0.0005009999999999999
2021-09-30 05:00:22,0.000122,0.0431,-4.0,163.0,800.0,0.0005009999999999999
2021-09-30 05:01:23,0.000121,0.0431,-4.0,163.0,799.0,0.0005009999999999999
2021-09-30 05:02:24,0.00011999999999999999,0.0432,-4.0,163.0,799.0,0.0005009999999999999
2021-09-30 05:03:24,0.00011899999999999999,0.0432,-4.0,163.0,799.0,0.0005009999999999999
2021-09-30 05:04:25,0.000118,0.0432,-4.0,162.0,799.0,0.0005009999999999999
2021-09-30 05:05:26,0.000117,0.0433,-4.0,162.0,799.0,0.0005009999999999999
2021-09-30 05:06:27,0.000117,0.0434,-4.0,162.0,800.0,0.0005009999999999999
2021-09-30 05:07:27,0.00011599999999999999,0.0434,-4.0,162.0,799.0,0.0005009999999999999
2021-09-30 05:08:28,0.00011499999999999999,0.0435,-4.0,162.0,800.0,0.0005009999999999999
2021-09-30 05:09:29,0.00011399999999999999,0.0434,-4.0,162.0,800.0,0.0005009999999999999
2021-09-30 05:10:29,0.000113,0.0435,-4.0,162.0,800.0,0.0005009999999999999
2021-09-30 05:11:30,0.00011200000000000001,0.0434,-4.0,162.0,800.0,0.0005009999999999999
2021-09-30 05:12:31,0.00011100000000000001,0.0435,-4.0,162.0,800.0,0.0005009999999999999
2021-09-30 05:13:32,0.000109,0.0435,-4.0,162.0,801.0,0.0005009999999999999
2021-09-30 05:14:32,0.00010800000000000001,0.0435,-4.0,162.0,800.0,0.0005009999999999999
2021-09-30 05:15:33,0.00010700000000000001,0.0435,-4.0,162.0,800.0,0.0005009999999999999
2021-09-30 05:16:34,0.000106,0.0435,-4.0,162.0,799.0,0.0005009999999999999
2021-09-30 05:17:34,0.000105,0.0435,-4.0,162.0,799.0,0.0005009999999999999
2021-09-30 05:18:35,0.00010400000000000001,0.0435,-4.0,162.0,800.0,0.0005009999999999999
2021-09-30 05:19:35,0.000103,0.0435,-4.0,162.0,802.0,0.0005009999999999999
2021-09-30 05:20:36,0.000102,0.0436,-4.0,162.0,799.0,0.0005009999999999999
2021-09-30 05:21:37,0.000101,0.0437,-4.0,162.0,799.0,0.0005009999999999999
2021-09-30 05:22:37,9.96e-05,0.0437,-4.0,162.0,799.0,0.0005009999999999999
2021-09-30 05:23:38,9.86e-05,0.0437,-4.0,162.0,800.0,0.0005009999999999999
2021-09-30 05:24:39,9.76e-05,0.0438,-4.0,162.0,799.0,0.0005009999999999999
2021-09-30 05:25:39,9.66e-05,0.0439,-4.0,162.0,799.0,0.0005009999999999999
2021-09-30 05:26:40,9.549999999999999e-05,0.0438,-4.0,162.0,799.0,0.0005009999999999999
2021-09-30 05:27:40,9.449999999999999e-05,0.0439,-4.0,162.0,800.0,0.0005009999999999999
2021-09-30 05:28:41,9.340000000000001e-05,0.044,-4.0,162.0,799.0,0.0005009999999999999
2021-09-30 05:29:42,9.240000000000001e-05,0.0439,-4.0,162.0,799.0,0.0005009999999999999
2021-09-30 05:30:43,9.15e-05,0.044,-4.0,162.0,801.0,0.0005009999999999999
2021-09-30 05:31:43,9.059999999999999e-05,0.0439,-4.0,162.0,800.0,0.0005009999999999999
2021-09-30 05:32:44,8.950000000000001e-05,0.0439,-4.0,162.0,799.0,0.0005009999999999999
2021-09-30 05:33:45,8.88e-05,0.0439,-4.0,162.0,800.0,0.0005009999999999999
2021-09-30 05:34:46,8.78e-05,0.044,-4.0,162.0,799.0,0.0005009999999999999
2021-09-30 05:35:46,8.690000000000001e-05,0.044,-4.0,162.0,800.0,0.0005009999999999999
2021-09-30 05:36:47,8.6e-05,0.0439,-3.0,162.0,799.0,0.0005009999999999999
2021-09-30 05:37:48,8.499999999999999e-05,0.044,-4.0,162.0,800.0,0.0005009999999999999
2021-09-30 05:38:48,8.379999999999999e-05,0.044,-4.0,162.0,800.0,0.0005009999999999999
2021-09-30 05:39:49,8.3e-05,0.044,-4.0,162.0,800.0,0.0005009999999999999
2021-09-30 05:40:50,8.190000000000001e-05,0.0441,-4.0,162.0,800.0,0.0005009999999999999
2021-09-30 05:41:50,8.120000000000001e-05,0.0441,-4.0,161.0,799.0,0.0005009999999999999
2021-09-30 05:42:51,8.01e-05,0.0442,-4.0,162.0,799.0,0.0005009999999999999
2021-09-30 05:43:52,7.890000000000001e-05,0.0442,-4.0,161.0,800.0,0.0005009999999999999
2021-09-30 05:44:53,7.829999999999999e-05,0.0442,-4.0,162.0,800.0,0.0005009999999999999
2021-09-30 05:45:53,7.75e-05,0.0443,-4.0,161.0,800.0,0.0005009999999999999
2021-09-30 05:46:54,7.68e-05,0.0443,-4.0,161.0,799.0,0.0005009999999999999
2021-09-30 05:47:55,7.609999999999999e-05,0.0443,-4.0,161.0,799.0,0.0005009999999999999
2021-09-30 05:48:55,7.54e-05,0.0443,-4.0,161.0,799.0,0.0005009999999999999
2021-09-30 05:49:56,7.46e-05,0.0443,-4.0,161.0,799.0,0.0005009999999999999
2021-09-30 05:50:57,7.43e-05,0.0443,-4.0,161.0,799.0,0.0005009999999999999
2021-09-30 05:51:57,7.36e-05,0.0443,-4.0,161.0,800.0,0.0005009999999999999
2021-09-30 05:52:58,7.3e-05,0.0443,-4.0,161.0,800.0,0.0005009999999999999
2021-09-30 05:53:59,7.219999999999999e-05,0.0443,-3.0,161.0,800.0,0.0005009999999999999
2021-09-30 05:54:59,7.15e-05,0.0444,-4.0,161.0,800.0,0.0005009999999999999
2021-09-30 05:56:00,7.099999999999999e-05,0.0444,-4.0,161.0,800.0,0.0005009999999999999
2021-09-30 05:57:00,7e-05,0.0443,-4.0,161.0,800.0,0.0005009999999999999
2021-09-30 05:58:01,6.929999999999999e-05,0.0444,-3.0,161.0,800.0,0.0005009999999999999
2021-09-30 05:59:02,6.9e-05,0.0445,-4.0,161.0,799.0,0.0005009999999999999
2021-09-30 06:00:03,6.829999999999999e-05,0.0444,-4.0,161.0,800.0,0.0005009999999999999
2021-09-30 06:01:03,6.759999999999999e-05,0.0445,-4.0,161.0,799.0,0.0005009999999999999
2021-09-30 06:02:04,6.720000000000001e-05,0.0445,-4.0,161.0,799.0,0.0005009999999999999
2021-09-30 06:03:04,6.659999999999999e-05,0.0445,-4.0,161.0,799.0,0.0005009999999999999
2021-09-30 06:04:05,6.61e-05,0.0445,-4.0,161.0,799.0,0.0005009999999999999
2021-09-30 06:05:06,6.57e-05,0.0446,-4.0,161.0,800.0,0.0005009999999999999
2021-09-30 06:06:07,6.500000000000001e-05,0.0447,-4.0,161.0,799.0,0.0005009999999999999
2021-09-30 06:07:07,6.440000000000001e-05,0.0446,-3.0,161.0,800.0,0.0005009999999999999
2021-09-30 06:08:08,6.38e-05,0.0446,-3.0,161.0,800.0,0.0005009999999999999
2021-09-30 06:09:09,6.32e-05,0.0447,-4.0,161.0,800.0,0.0005009999999999999
2021-09-30 06:10:09,6.28e-05,0.0447,-4.0,161.0,800.0,0.0005009999999999999
2021-09-30 06:11:10,6.22e-05,0.0447,-4.0,161.0,800.0,0.0005009999999999999
2021-09-30 06:12:11,6.159999999999999e-05,0.0447,-4.0,161.0,799.0,0.0005009999999999999
2021-09-30 06:13:11,6.1e-05,0.0447,-4.0,161.0,800.0,0.0005009999999999999
2021-09-30 06:14:12,6.05e-05,0.0447,-4.0,161.0,799.0,0.0005009999999999999
2021-09-30 06:15:13,5.98e-05,0.0447,-4.0,161.0,799.0,0.0005009999999999999
2021-09-30 06:16:13,5.94e-05,0.0447,-4.0,161.0,799.0,0.0005009999999999999
2021-09-30 06:17:14,5.88e-05,0.0447,-4.0,161.0,800.0,0.0005009999999999999
2021-09-30 06:18:15,5.8200000000000005e-05,0.0447,-4.0,161.0,799.0,0.0005009999999999999
2021-09-30 06:19:16,5.79e-05,0.0448,-4.0,161.0,799.0,0.0005009999999999999
2021-09-30 06:20:16,5.739999999999999e-05,0.0448,-4.0,161.0,799.0,0.0005009999999999999
2021-09-30 06:21:17,5.6899999999999994e-05,0.0448,-4.0,161.0,800.0,0.0005009999999999999
2021-09-30 06:22:18,5.65e-05,0.0448,-4.0,161.0,799.0,0.0005009999999999999
2021-09-30 06:23:18,5.6200000000000004e-05,0.0448,-4.0,161.0,799.0,0.0005009999999999999
2021-09-30 06:24:19,5.610000000000001e-05,0.0448,-4.0,161.0,800.0,0.0005009999999999999
2021-09-30 06:25:20,5.5799999999999994e-05,0.0449,-4.0,161.0,799.0,0.0005009999999999999
2021-09-30 06:26:20,5.539999999999999e-05,0.0449,-4.0,161.0,800.0,0.0005009999999999999
2021-09-30 06:27:21,5.479999999999999e-05,0.045,-4.0,161.0,799.0,0.0005009999999999999
2021-09-30 06:28:22,5.44e-05,0.045,-4.0,161.0,800.0,0.0005009999999999999
2021-09-30 06:29:22,5.379999999999999e-05,0.045,-4.0,161.0,799.0,0.0005009999999999999
2021-09-30 06:30:23,5.3299999999999995e-05,0.045,-4.0,161.0,800.0,0.0005009999999999999
2021-09-30 06:31:24,5.27e-05,0.045,-4.0,161.0,800.0,0.0005009999999999999
2021-09-30 06:32:25,5.2300000000000004e-05,0.0451,-4.0,160.0,799.0,0.0005009999999999999
2021-09-30 06:33:25,5.17e-05,0.0451,-4.0,160.0,800.0,0.0005009999999999999
2021-09-30 06:34:26,5.14e-05,0.0452,-4.0,160.0,799.0,0.0005009999999999999
2021-09-30 06:35:26,5.08e-05,0.0451,-4.0,160.0,800.0,0.0005009999999999999
2021-09-30 06:36:27,5.04e-05,0.0451,-4.0,160.0,800.0,0.0005009999999999999
2021-09-30 06:37:28,4.98e-05,0.0451,-4.0,160.0,799.0,0.0005009999999999999
2021-09-30 06:38:28,4.95e-05,0.0452,-4.0,160.0,799.0,0.0005009999999999999
2021-09-30 06:39:29,4.93e-05,0.0452,-4.0,160.0,800.0,0.0005009999999999999
2021-09-30 06:40:30,4.8700000000000005e-05,0.0451,-4.0,160.0,800.0,0.0005009999999999999
2021-09-30 06:41:31,4.8200000000000006e-05,0.0452,-4.0,160.0,799.0,0.0005009999999999999
2021-09-30 06:42:31,4.79e-05,0.0452,-4.0,160.0,799.0,0.0005009999999999999
2021-09-30 06:43:32,4.7600000000000005e-05,0.0452,-4.0,160.0,799.0,0.0005009999999999999
2021-09-30 06:44:33,4.73e-05,0.0452,-4.0,160.0,799.0,0.0005009999999999999
2021-09-30 06:45:33,4.6700000000000003e-05,0.0452,-4.0,160.0,801.0,0.0005009999999999999
2021-09-30 06:46:34,4.6399999999999996e-05,0.0452,-4.0,160.0,799.0,0.0005009999999999999
2021-09-30 06:47:35,4.6299999999999994e-05,0.0452,-4.0,160.0,799.0,0.0005009999999999999
2021-09-30 06:48:35,4.5799999999999995e-05,0.0453,-4.0,160.0,800.0,0.0005009999999999999
2021-09-30 06:49:36,4.5600000000000004e-05,0.0453,-4.0,160.0,799.0,0.0005009999999999999
2021-09-30 06:50:37,4.52e-05,0.0453,-4.0,160.0,799.0,0.0005009999999999999
2021-09-30 06:51:37,4.48e-05,0.0454,-4.0,160.0,800.0,0.0005009999999999999
2021-09-30 06:52:38,4.55e-05,0.0454,-4.0,160.0,800.0,0.0005009999999999999
2021-09-30 06:53:39,4.4200000000000004e-05,0.0455,-4.0,160.0,800.0,0.0005009999999999999
2021-09-30 06:54:40,4.3799999999999994e-05,0.0455,-4.0,160.0,800.0,0.0005009999999999999
2021-09-30 06:55:40,4.35e-05,0.0456,-4.0,160.0,800.0,0.0005009999999999999
2021-09-30 06:56:41,4.31e-05,0.0456,-4.0,160.0,799.0,0.0005009999999999999
2021-09-30 06:57:42,4.28e-05,0.0456,-4.0,160.0,799.0,0.0005009999999999999
2021-09-30 06:58:42,4.23e-05,0.0456,-4.0,160.0,799.0,0.0005009999999999999
2021-09-30 06:59:43,4.210000000000001e-05,0.0456,-4.0,160.0,799.0,0.0005009999999999999
2021-09-30 07:00:44,4.18e-05,0.0456,-4.0,160.0,799.0,0.0005009999999999999
2021-09-30 07:01:44,4.15e-05,0.0456,-4.0,160.0,800.0,0.0005009999999999999
2021-09-30 07:02:45,4.11e-05,0.0456,-4.0,160.0,799.0,0.0005009999999999999
2021-09-30 07:03:46,4.07e-05,0.0456,-4.0,160.0,800.0,0.0005009999999999999
2021-09-30 07:04:47,4.04e-05,0.0456,-4.0,160.0,800.0,0.0005009999999999999
2021-09-30 07:05:47,4.01e-05,0.0456,-4.0,160.0,799.0,0.0005009999999999999
2021-09-30 07:06:48,3.9899999999999994e-05,0.0456,-4.0,160.0,800.0,0.0005009999999999999
2021-09-30 07:07:49,3.9500000000000005e-05,0.0456,-4.0,160.0,800.0,0.0005009999999999999
2021-09-30 07:08:49,3.9200000000000004e-05,0.0456,-4.0,160.0,800.0,0.0005009999999999999
2021-09-30 07:09:50,3.8799999999999994e-05,0.0457,-4.0,160.0,799.0,0.0005009999999999999
2021-09-30 07:10:51,3.86e-05,0.0456,-4.0,160.0,800.0,0.0005009999999999999
2021-09-30 07:11:51,3.85e-05,0.0456,-4.0,160.0,799.0,0.0005009999999999999
2021-09-30 07:12:52,3.82e-05,0.0456,-4.0,160.0,800.0,0.0005009999999999999
2021-09-30 07:13:53,3.8e-05,0.0456,-4.0,160.0,799.0,0.0005009999999999999
2021-09-30 07:14:53,3.75e-05,0.0457,-4.0,160.0,799.0,0.0005009999999999999
2021-09-30 07:15:54,3.72e-05,0.0457,-4.0,160.0,799.0,0.0005009999999999999
2021-09-30 07:16:55,3.69e-05,0.0457,-4.0,160.0,799.0,0.0005009999999999999
2021-09-30 07:17:56,3.65e-05,0.0457,-4.0,160.0,800.0,0.0005009999999999999
2021-09-30 07:18:56,3.6200000000000006e-05,0.0457,-4.0,160.0,800.0,0.0005009999999999999
2021-09-30 07:19:57,3.6e-05,0.0458,-4.0,160.0,800.0,0.0005009999999999999
2021-09-30 07:20:57,3.570000000000001e-05,0.0458,-4.0,160.0,800.0,0.0005009999999999999
2021-09-30 07:21:58,3.5600000000000005e-05,0.0458,-4.0,160.0,800.0,0.0005009999999999999
2021-09-30 07:22:59,3.53e-05,0.0458,-4.0,159.0,799.0,0.0005009999999999999
2021-09-30 07:23:59,3.5100000000000006e-05,0.0459,-4.0,160.0,800.0,0.0005009999999999999
2021-09-30 07:25:00,3.4899999999999995e-05,0.0458,-4.0,160.0,799.0,0.0005009999999999999
2021-09-30 07:26:01,3.47e-05,0.0458,-4.0,160.0,800.0,0.0005009999999999999
2021-09-30 07:27:02,3.46e-05,0.0459,-4.0,160.0,799.0,0.0005009999999999999
2021-09-30 07:28:02,3.43e-05,0.0459,-4.0,160.0,800.0,0.0005009999999999999
2021-09-30 07:29:03,3.4200000000000005e-05,0.046,-4.0,160.0,800.0,0.0005009999999999999
2021-09-30 07:30:04,3.4e-05,0.046,-4.0,160.0,799.0,0.0005009999999999999
2021-09-30 07:31:04,3.39e-05,0.0459,-4.0,160.0,800.0,0.0005009999999999999
2021-09-30 07:32:05,3.3799999999999995e-05,0.046,-3.0,159.0,800.0,0.0005009999999999999
2021-09-30 07:33:06,3.39e-05,0.0459,-4.0,160.0,800.0,0.0005009999999999999
2021-09-30 07:34:06,3.3600000000000004e-05,0.0459,-4.0,160.0,800.0,0.0005009999999999999
2021-09-30 07:35:07,3.35e-05,0.046,-4.0,159.0,800.0,0.0005009999999999999
2021-09-30 07:36:08,3.32e-05,0.0459,-4.0,159.0,800.0,0.0005009999999999999
2021-09-30 07:37:08,3.3e-05,0.0459,-4.0,159.0,799.0,0.0005009999999999999
2021-09-30 07:38:09,3.27e-05,0.0459,-4.0,159.0,800.0,0.0005009999999999999
2021-09-30 07:39:10,3.26e-05,0.046,-3.0,159.0,800.0,0.0005009999999999999
2021-09-30 07:40:11,3.24e-05,0.046,-3.0,159.0,799.0,0.0005009999999999999
2021-09-30 07:41:11,3.2e-05,0.0461,-4.0,159.0,799.0,0.0005009999999999999
2021-09-30 07:42:12,3.19e-05,0.0461,-4.0,159.0,799.0,0.0005009999999999999
2021-09-30 07:43:13,3.17e-05,0.0461,-4.0,159.0,800.0,0.0005009999999999999
2021-09-30 07:44:13,3.14e-05,0.0462,-4.0,159.0,800.0,0.0005009999999999999
2021-09-30 07:45:14,3.11e-05,0.0462,-4.0,159.0,799.0,0.0005009999999999999
2021-09-30 07:46:15,3.1e-05,0.0462,-4.0,159.0,799.0,0.0005009999999999999
2021-09-30 07:47:15,3.09e-05,0.0462,-4.0,159.0,799.0,0.0005009999999999999
2021-09-30 07:48:16,3.06e-05,0.0463,-3.0,159.0,799.0,0.0005009999999999999
2021-09-30 07:49:17,3.05e-05,0.0463,-4.0,159.0,800.0,0.0005009999999999999
2021-09-30 07:50:17,3.04e-05,0.0463,-4.0,159.0,800.0,0.0005009999999999999
2021-09-30 07:51:18,3.02e-05,0.0464,-4.0,159.0,799.0,0.0005009999999999999
2021-09-30 07:52:18,3.01e-05,0.0463,-4.0,159.0,800.0,0.0005009999999999999
2021-09-30 07:53:19,2.9999999999999997e-05,0.0463,-4.0,159.0,799.0,0.0005009999999999999
2021-09-30 07:54:20,2.97e-05,0.0464,-4.0,159.0,799.0,0.0005009999999999999
2021-09-30 07:55:21,2.9600000000000005e-05,0.0463,-4.0,159.0,799.0,0.0005009999999999999
2021-09-30 07:56:21,2.9299999999999997e-05,0.0463,-4.0,159.0,800.0,0.0005009999999999999
2021-09-30 07:57:22,2.9600000000000005e-05,0.0463,-4.0,159.0,799.0,0.0005009999999999999
2021-09-30 07:58:23,2.9600000000000005e-05,0.0463,-3.0,159.0,800.0,0.0005009999999999999
2021-09-30 07:59:23,2.9600000000000005e-05,0.0463,-4.0,159.0,799.0,0.0005009999999999999
2021-09-30 08:00:24,2.9100000000000003e-05,0.0463,-4.0,159.0,800.0,0.0005009999999999999
2021-09-30 08:01:25,2.8800000000000002e-05,0.0463,-4.0,159.0,799.0,0.0005009999999999999
2021-09-30 08:02:25,2.8499999999999998e-05,0.0464,-4.0,159.0,800.0,0.0005009999999999999
2021-09-30 08:03:26,2.8300000000000003e-05,0.0464,-4.0,159.0,800.0,0.0005009999999999999
2021-09-30 08:04:26,2.8000000000000003e-05,0.0464,-4.0,159.0,799.0,0.0005009999999999999
2021-09-30 08:05:27,2.7899999999999997e-05,0.0465,-4.0,159.0,800.0,0.0005009999999999999
2021-09-30 08:06:28,2.7600000000000003e-05,0.0465,-4.0,159.0,800.0,0.0005009999999999999
2021-09-30 08:07:29,2.7399999999999995e-05,0.0466,-4.0,159.0,799.0,0.0005009999999999999
2021-09-30 08:08:29,2.72e-05,0.0466,-4.0,159.0,800.0,0.0005009999999999999
2021-09-30 08:09:30,2.71e-05,0.0466,-4.0,159.0,800.0,0.0005009999999999999
2021-09-30 08:10:31,2.6899999999999997e-05,0.0466,-4.0,159.0,799.0,0.0005009999999999999
2021-09-30 08:11:32,2.6700000000000002e-05,0.0466,-3.0,159.0,800.0,0.0005009999999999999
2021-09-30 08:12:32,2.65e-05,0.0466,-4.0,159.0,800.0,0.0005009999999999999
2021-09-30 08:13:33,2.6300000000000002e-05,0.0466,-3.0,159.0,799.0,0.0005009999999999999
2021-09-30 08:14:33,2.62e-05,0.0467,-4.0,159.0,799.0,0.0005009999999999999
2021-09-30 08:15:34,2.6000000000000002e-05,0.0466,-4.0,159.0,800.0,0.0005009999999999999
2021-09-30 08:16:35,2.59e-05,0.0467,-4.0,159.0,799.0,0.0005009999999999999
2021-09-30 08:17:35,2.57e-05,0.0467,-4.0,159.0,800.0,0.0005009999999999999
2021-09-30 08:18:36,2.56e-05,0.0467,-4.0,159.0,799.0,0.0005009999999999999
2021-09-30 08:19:37,2.55e-05,0.0467,-4.0,159.0,799.0,0.0005009999999999999
2021-09-30 08:20:37,2.54e-05,0.0467,-4.0,159.0,799.0,0.0005009999999999999
2021-09-30 08:21:38,2.5300000000000002e-05,0.0467,-4.0,159.0,800.0,0.0005009999999999999
2021-09-30 08:22:39,2.51e-05,0.0466,-4.0,159.0,799.0,0.0005009999999999999
2021-09-30 08:23:39,2.5e-05,0.0468,-4.0,159.0,799.0,0.0005009999999999999
2021-09-30 08:24:40,2.49e-05,0.0467,-4.0,159.0,799.0,0.0005009999999999999
2021-09-30 08:25:41,2.48e-05,0.0468,-4.0,159.0,800.0,0.0005009999999999999
2021-09-30 08:26:41,2.47e-05,0.0468,-4.0,159.0,800.0,0.0005009999999999999
2021-09-30 08:27:42,2.46e-05,0.0468,-4.0,159.0,800.0,0.0005009999999999999
2021-09-30 08:28:43,2.45e-05,0.0469,-4.0,159.0,800.0,0.0005009999999999999
2021-09-30 08:29:43,2.42e-05,0.047,-4.0,159.0,800.0,0.0005009999999999999
2021-09-30 08:30:44,2.42e-05,0.0469,-4.0,159.0,799.0,0.0005009999999999999
2021-09-30 08:31:45,2.4e-05,0.047,-4.0,159.0,799.0,0.0005009999999999999
2021-09-30 08:32:46,2.3899999999999998e-05,0.0471,-4.0,159.0,799.0,0.0005009999999999999
2021-09-30 08:33:46,2.3800000000000003e-05,0.0471,-4.0,159.0,799.0,0.0005009999999999999
2021-09-30 08:34:47,2.37e-05,0.0471,-4.0,159.0,799.0,0.0005009999999999999
2021-09-30 08:35:47,2.36e-05,0.0471,-4.0,159.0,800.0,0.0005009999999999999
2021-09-30 08:36:48,2.35e-05,0.0471,-4.0,159.0,799.0,0.0005009999999999999
2021-09-30 08:37:49,2.34e-05,0.0471,-3.0,159.0,800.0,0.0005009999999999999
2021-09-30 08:38:49,2.33e-05,0.0471,-4.0,159.0,800.0,0.0005009999999999999
2021-09-30 08:39:50,2.3199999999999998e-05,0.0471,-3.0,159.0,799.0,0.0005009999999999999
2021-09-30 08:40:51,2.3100000000000002e-05,0.0471,-4.0,159.0,799.0,0.0005009999999999999
2021-09-30 08:41:52,2.3e-05,0.0471,-4.0,159.0,800.0,0.0005009999999999999
2021-09-30 08:42:52,2.2899999999999998e-05,0.0471,-4.0,159.0,800.0,0.0005009999999999999
2021-09-30 08:43:53,2.2800000000000002e-05,0.0471,-4.0,159.0,799.0,0.0005009999999999999
2021-09-30 08:44:53,2.27e-05,0.0471,-4.0,159.0,800.0,0.0005009999999999999
2021-09-30 08:45:54,2.26e-05,0.0471,-4.0,159.0,799.0,0.0005009999999999999
2021-09-30 08:46:55,2.25e-05,0.0472,-4.0,159.0,800.0,0.0005009999999999999
2021-09-30 08:47:56,2.24e-05,0.0472,-4.0,159.0,800.0,0.0005009999999999999
2021-09-30 08:48:56,2.24e-05,0.0473,-3.0,159.0,800.0,0.0005009999999999999
2021-09-30 08:49:57,2.22e-05,0.0474,-4.0,159.0,799.0,0.0005009999999999999
2021-09-30 08:50:58,2.22e-05,0.0474,-4.0,159.0,800.0,0.0005009999999999999
2021-09-30 08:51:58,2.2100000000000002e-05,0.0474,-4.0,159.0,800.0,0.0005009999999999999
2021-09-30 08:52:59,2.2e-05,0.0474,-4.0,159.0,799.0,0.0005009999999999999
2021-09-30 08:54:00,2.2e-05,0.0475,-4.0,159.0,802.0,0.0005009999999999999
2021-09-30 08:55:01,2.1899999999999997e-05,0.0475,-4.0,159.0,800.0,0.0005009999999999999
2021-09-30 08:56:01,2.18e-05,0.0475,-4.0,159.0,801.0,0.0005009999999999999
2021-09-30 08:57:02,2.17e-05,0.0475,-4.0,159.0,800.0,0.0005009999999999999
2021-09-30 08:58:03,2.1600000000000003e-05,0.0475,-3.0,159.0,800.0,0.0005009999999999999
2021-09-30 08:59:04,2.1600000000000003e-05,0.0475,-3.0,159.0,801.0,0.0005009999999999999
2021-09-30 09:00:04,2.14e-05,0.0476,-4.0,158.0,801.0,0.0005009999999999999
2021-09-30 09:01:05,2.14e-05,0.0475,-4.0,159.0,801.0,0.0005009999999999999
2021-09-30 09:02:06,2.13e-05,0.0475,-4.0,158.0,800.0,0.0005009999999999999
2021-09-30 09:03:07,2.12e-05,0.0475,-4.0,159.0,801.0,0.0005009999999999999
2021-09-30 09:04:07,2.11e-05,0.0475,-4.0,159.0,800.0,0.0005009999999999999
2021-09-30 09:05:08,2.11e-05,0.0476,-4.0,159.0,800.0,0.0005009999999999999
2021-09-30 09:06:08,2.1e-05,0.0476,-4.0,159.0,800.0,0.0005009999999999999
2021-09-30 09:07:09,2.08e-05,0.0476,-4.0,158.0,802.0,0.0005009999999999999
2021-09-30 09:08:10,2.08e-05,0.0476,-4.0,158.0,803.0,0.0005009999999999999
2021-09-30 09:09:11,2.08e-05,0.0476,-4.0,159.0,801.0,0.0005009999999999999
2021-09-30 09:10:11,2.0600000000000003e-05,0.0476,-4.0,158.0,800.0,0.0005009999999999999
2021-09-30 09:11:12,2.0600000000000003e-05,0.0476,-4.0,159.0,800.0,0.0005009999999999999
2021-09-30 09:12:13,2.05e-05,0.0477,-4.0,158.0,800.0,0.0005009999999999999
2021-09-30 09:13:14,2.0399999999999998e-05,0.0477,-4.0,159.0,800.0,0.0005009999999999999
2021-09-30 09:14:14,3.11e-05,0.0477,-4.0,158.0,800.0,0.0005009999999999999
2021-09-30 09:15:15,2.05e-05,0.0477,-4.0,159.0,800.0,0.0005009999999999999
2021-09-30 09:16:16,2.0300000000000002e-05,0.0477,-4.0,158.0,800.0,0.0005009999999999999
2021-09-30 09:17:16,2.02e-05,0.0478,-4.0,158.0,800.0,0.0005009999999999999
2021-09-30 09:18:17,2.02e-05,0.0478,-4.0,159.0,800.0,0.0005009999999999999
2021-09-30 09:19:17,2e-05,0.0479,-4.0,158.0,802.0,0.0005009999999999999
2021-09-30 09:20:18,1.99e-05,0.048,-4.0,158.0,800.0,0.0005009999999999999
2021-09-30 09:21:19,1.98e-05,0.048,-4.0,158.0,800.0,0.0005009999999999999
2021-09-30 09:22:20,1.98e-05,0.048,-4.0,158.0,801.0,0.0005009999999999999
2021-09-30 09:23:21,1.9699999999999998e-05,0.048,-3.0,158.0,800.0,0.0005009999999999999
2021-09-30 09:24:21,1.9699999999999998e-05,0.048,-4.0,158.0,800.0,0.0005009999999999999
2021-09-30 09:25:22,1.9600000000000002e-05,0.048,-4.0,158.0,800.0,0.0005009999999999999
2021-09-30 09:26:22,1.95e-05,0.048,-4.0,158.0,800.0,0.0005009999999999999
2021-09-30 09:27:23,1.9399999999999997e-05,0.048,-4.0,158.0,801.0,0.0005009999999999999
2021-09-30 09:28:24,1.93e-05,0.0481,-4.0,158.0,800.0,0.0005009999999999999
2021-09-30 09:29:24,1.93e-05,0.048,-4.0,158.0,800.0,0.0005009999999999999
2021-09-30 09:30:25,1.9600000000000002e-05,0.048,-4.0,158.0,800.0,0.0005009999999999999
2021-09-30 09:31:26,1.92e-05,0.048,-4.0,158.0,800.0,0.0005009999999999999
2021-09-30 09:32:26,1.91e-05,0.048,-4.0,158.0,800.0,0.0005009999999999999
2021-09-30 09:33:27,1.91e-05,0.048,-4.0,158.0,802.0,0.0005009999999999999
2021-09-30 09:34:28,1.9e-05,0.048,-4.0,158.0,802.0,0.0005009999999999999
2021-09-30 09:35:28,1.89e-05,0.048,-4.0,158.0,803.0,0.0005009999999999999
2021-09-30 09:36:29,1.89e-05,0.0481,-4.0,158.0,800.0,0.0005009999999999999
2021-09-30 09:37:29,1.98e-05,0.0481,-4.0,158.0,800.0,0.0005009999999999999
2021-09-30 09:38:30,1.98e-05,0.0482,-4.0,158.0,800.0,0.0005009999999999999
2021-09-30 09:39:31,1.98e-05,0.0482,-4.0,158.0,800.0,0.0005009999999999999
2021-09-30 09:40:31,1.98e-05,0.0483,-4.0,158.0,800.0,0.0005009999999999999
2021-09-30 09:41:32,1.98e-05,0.0483,-4.0,158.0,800.0,0.0005009999999999999
2021-09-30 09:42:33,1.9699999999999998e-05,0.0484,-4.0,158.0,800.0,0.0005009999999999999
2021-09-30 09:43:33,1.9699999999999998e-05,0.0484,-4.0,158.0,802.0,0.0005009999999999999
2021-09-30 09:44:34,1.9600000000000002e-05,0.0485,-4.0,158.0,800.0,0.0005009999999999999
2021-09-30 09:45:35,1.9600000000000002e-05,0.0485,-4.0,158.0,800.0,0.0005009999999999999
2021-09-30 09:46:36,1.95e-05,0.0485,-4.0,158.0,801.0,0.0005009999999999999
2021-09-30 09:47:36,1.9399999999999997e-05,0.0485,-4.0,158.0,800.0,0.0005009999999999999
2021-09-30 09:48:37,1.9399999999999997e-05,0.0485,-4.0,158.0,802.0,0.0005009999999999999
2021-09-30 09:49:38,1.93e-05,0.0484,-4.0,158.0,800.0,0.0005009999999999999
2021-09-30 09:50:38,1.93e-05,0.0485,-4.0,158.0,801.0,0.0005009999999999999
2021-09-30 09:51:39,1.92e-05,0.0485,-4.0,158.0,800.0,0.0005009999999999999
2021-09-30 09:52:40,1.91e-05,0.0485,-4.0,158.0,801.0,0.0005009999999999999
2021-09-30 09:53:41,1.9e-05,0.0485,-4.0,158.0,801.0,0.0005009999999999999
2021-09-30 09:54:41,1.9e-05,0.0486,-4.0,158.0,800.0,0.0005009999999999999
2021-09-30 09:55:42,1.89e-05,0.0485,-3.0,158.0,801.0,0.0005009999999999999
2021-09-30 09:56:43,1.89e-05,0.0485,-4.0,158.0,800.0,0.0005009999999999999
2021-09-30 09:57:43,1.89e-05,0.0485,-4.0,158.0,800.0,0.0005009999999999999
2021-09-30 09:58:44,1.88e-05,0.0486,-4.0,158.0,800.0,0.0005009999999999999
2021-09-30 09:59:45,1.88e-05,0.0486,-4.0,158.0,800.0,0.0005009999999999999
2021-09-30 10:00:45,1.87e-05,0.0486,-4.0,158.0,801.0,0.0005009999999999999
2021-09-30 10:01:46,1.87e-05,0.0487,-4.0,158.0,800.0,0.0005009999999999999
2021-09-30 10:02:47,1.86e-05,0.0487,-3.0,158.0,802.0,0.0005009999999999999
2021-09-30 10:03:48,1.86e-05,0.0488,-4.0,158.0,801.0,0.0005009999999999999
2021-09-30 10:04:48,1.85e-05,0.0488,-4.0,158.0,800.0,0.0005009999999999999
2021-09-30 10:05:49,1.85e-05,0.0488,-4.0,158.0,801.0,0.0005009999999999999
2021-09-30 10:06:50,1.84e-05,0.0489,-4.0,158.0,800.0,0.0005009999999999999
2021-09-30 10:07:50,1.83e-05,0.0489,-4.0,158.0,800.0,0.0005009999999999999
2021-09-30 10:08:51,1.83e-05,0.0489,-4.0,158.0,800.0,0.0005009999999999999
2021-09-30 10:09:52,1.82e-05,0.049,-4.0,158.0,802.0,0.0005009999999999999
2021-09-30 10:10:52,1.82e-05,0.0489,-4.0,158.0,800.0,0.0005009999999999999
2021-09-30 10:11:53,1.82e-05,0.049,-3.0,158.0,800.0,0.0005009999999999999
2021-09-30 10:12:54,1.8100000000000003e-05,0.049,-4.0,158.0,800.0,0.0005009999999999999
2021-09-30 10:13:54,1.8100000000000003e-05,0.049,-4.0,158.0,800.0,0.0005009999999999999
2021-09-30 10:14:55,1.8e-05,0.049,-4.0,158.0,801.0,0.0005009999999999999
2021-09-30 10:15:56,1.7899999999999998e-05,0.049,-4.0,158.0,801.0,0.0005009999999999999
2021-09-30 10:16:56,1.7899999999999998e-05,0.049,-4.0,158.0,800.0,0.0005009999999999999
2021-09-30 10:17:57,1.7899999999999998e-05,0.049,-4.0,158.0,801.0,0.0005009999999999999
2021-09-30 10:18:58,1.7800000000000002e-05,0.049,-4.0,158.0,801.0,0.0005009999999999999
2021-09-30 10:19:58,1.7800000000000002e-05,0.0491,-4.0,158.0,800.0,0.0005009999999999999
2021-09-30 10:20:59,1.7800000000000002e-05,0.0491,-4.0,158.0,800.0,0.0005009999999999999
2021-09-30 10:22:00,1.77e-05,0.049,-4.0,158.0,800.0,0.0005009999999999999
2021-09-30 10:23:01,1.76e-05,0.0491,-4.0,158.0,802.0,0.0005009999999999999
2021-09-30 10:24:01,1.76e-05,0.0491,-4.0,158.0,802.0,0.0005009999999999999
2021-09-30 10:25:02,1.76e-05,0.0492,-4.0,158.0,801.0,0.0005009999999999999
2021-09-30 10:26:03,1.75e-05,0.0492,-4.0,158.0,802.0,0.0005009999999999999
2021-09-30 10:27:03,1.75e-05,0.0493,-4.0,158.0,800.0,0.0005009999999999999
2021-09-30 10:28:04,1.74e-05,0.0493,-4.0,158.0,802.0,0.0005009999999999999
2021-09-30 10:29:04,1.74e-05,0.0493,-4.0,158.0,800.0,0.0005009999999999999
2021-09-30 10:30:05,1.73e-05,0.0494,-4.0,158.0,800.0,0.0005009999999999999
2021-09-30 10:31:06,1.73e-05,0.0495,-4.0,158.0,800.0,0.0005009999999999999
2021-09-30 10:32:06,1.7199999999999998e-05,0.0494,-4.0,158.0,800.0,0.0005009999999999999
2021-09-30 10:33:07,1.7199999999999998e-05,0.0494,-4.0,158.0,800.0,0.0005009999999999999
2021-09-30 10:34:08,1.7100000000000002e-05,0.0494,-4.0,158.0,800.0,0.0005009999999999999
2021-09-30 10:35:08,1.7199999999999998e-05,0.0494,-4.0,158.0,800.0,0.0005009999999999999
2021-09-30 10:36:09,1.7100000000000002e-05,0.0494,-4.0,158.0,800.0,0.0005009999999999999
2021-09-30 10:37:10,1.7100000000000002e-05,0.0494,-3.0,158.0,800.0,0.0005009999999999999
2021-09-30 10:38:11,1.7e-05,0.0495,-3.0,158.0,800.0,0.0005009999999999999
2021-09-30 10:39:11,1.7e-05,0.0495,-4.0,158.0,801.0,0.0005009999999999999
2021-09-30 10:40:12,1.6899999999999997e-05,0.0495,-3.0,158.0,802.0,0.0005009999999999999
2021-09-30 10:41:13,1.6899999999999997e-05,0.0495,-4.0,158.0,800.0,0.0005009999999999999
2021-09-30 10:42:13,1.6800000000000002e-05,0.0495,-3.0,158.0,800.0,0.0005009999999999999
2021-09-30 10:43:14,1.6800000000000002e-05,0.0495,-4.0,158.0,801.0,0.0005009999999999999
2021-09-30 10:44:15,1.67e-05,0.0496,-4.0,158.0,800.0,0.0005009999999999999
2021-09-30 10:45:15,1.67e-05,0.0495,-4.0,158.0,800.0,0.0005009999999999999
2021-09-30 10:46:16,1.67e-05,0.0496,-3.0,158.0,801.0,0.0005009999999999999
2021-09-30 10:47:17,1.66e-05,0.0497,-4.0,158.0,802.0,0.0005009999999999999
2021-09-30 10:48:17,1.65e-05,0.0497,-4.0,158.0,802.0,0.0005009999999999999
2021-09-30 10:49:18,1.65e-05,0.0497,-4.0,158.0,801.0,0.0005009999999999999
2021-09-30 10:50:19,1.65e-05,0.0498,-4.0,158.0,800.0,0.0005009999999999999
2021-09-30 10:51:19,1.65e-05,0.0498,-4.0,158.0,801.0,0.0005009999999999999
2021-09-30 10:52:20,1.64e-05,0.0498,-4.0,158.0,801.0,0.0005009999999999999
2021-09-30 10:53:21,1.64e-05,0.05,-4.0,158.0,800.0,0.0005009999999999999
2021-09-30 10:54:21,1.63e-05,0.0499,-3.0,158.0,800.0,0.0005009999999999999
2021-09-30 10:55:22,1.64e-05,0.0499,-4.0,158.0,800.0,0.0005009999999999999
2021-09-30 10:56:23,1.63e-05,0.0499,-4.0,158.0,800.0,0.0005009999999999999
2021-09-30 10:57:23,1.62e-05,0.0499,-4.0,158.0,800.0,0.0005009999999999999
2021-09-30 10:58:24,1.62e-05,0.0499,-4.0,158.0,800.0,0.0005009999999999999
2021-09-30 10:59:25,1.62e-05,0.0499,-4.0,158.0,800.0,0.0005009999999999999
2021-09-30 11:00:26,1.6100000000000002e-05,0.0499,-4.0,158.0,801.0,0.0005009999999999999
2021-09-30 11:01:26,1.6100000000000002e-05,0.05,-4.0,158.0,800.0,0.0005009999999999999
2021-09-30 11:02:27,1.6100000000000002e-05,0.0499,-4.0,158.0,800.0,0.0005009999999999999
2021-09-30 11:03:28,1.6e-05,0.05,-4.0,158.0,800.0,0.0005009999999999999
2021-09-30 11:04:28,1.6e-05,0.05,-3.0,158.0,800.0,0.0005009999999999999
2021-09-30 11:05:29,1.59e-05,0.05,-4.0,158.0,800.0,0.0005009999999999999
2021-09-30 11:06:30,1.59e-05,0.05,-4.0,158.0,801.0,0.0005009999999999999
2021-09-30 11:07:31,1.59e-05,0.05,-3.0,158.0,800.0,0.0005009999999999999
2021-09-30 11:08:31,1.58e-05,0.05,-4.0,158.0,800.0,0.0005009999999999999
2021-09-30 11:09:32,1.58e-05,0.05,-4.0,158.0,800.0,0.0005009999999999999
2021-09-30 11:10:33,1.58e-05,0.05,-4.0,158.0,801.0,0.0005009999999999999
2021-09-30 11:11:33,1.57e-05,0.0501,-4.0,158.0,800.0,0.0005009999999999999
2021-09-30 11:12:34,1.57e-05,0.05,-4.0,158.0,800.0,0.0005009999999999999
2021-09-30 11:13:35,1.57e-05,0.0501,-4.0,158.0,800.0,0.0005009999999999999
2021-09-30 11:14:35,1.56e-05,0.0501,-4.0,158.0,800.0,0.0005009999999999999
2021-09-30 11:15:36,1.57e-05,0.0502,-4.0,158.0,800.0,0.0005009999999999999
2021-09-30 11:16:37,1.56e-05,0.0503,-4.0,158.0,800.0,0.0005009999999999999
2021-09-30 11:17:37,1.56e-05,0.0503,-4.0,158.0,801.0,0.0005009999999999999
2021-09-30 11:18:38,1.55e-05,0.0503,-4.0,158.0,800.0,0.0005009999999999999
2021-09-30 11:19:39,1.55e-05,0.0503,-4.0,158.0,800.0,0.0005009999999999999
2021-09-30 11:20:39,1.5399999999999998e-05,0.0503,-3.0,158.0,800.0,0.0005009999999999999
2021-09-30 11:21:40,1.56e-05,0.0503,-4.0,158.0,801.0,0.0005009999999999999
2021-09-30 11:22:41,1.55e-05,0.0503,-4.0,158.0,802.0,0.0005009999999999999
2021-09-30 11:23:41,1.5399999999999998e-05,0.0504,-4.0,158.0,800.0,0.0005009999999999999
2021-09-30 11:24:42,1.53e-05,0.0504,-3.0,158.0,801.0,0.0005009999999999999
2021-09-30 11:25:43,1.53e-05,0.0505,-4.0,158.0,800.0,0.0005009999999999999
2021-09-30 11:26:44,1.53e-05,0.0504,-4.0,158.0,800.0,0.0005009999999999999
2021-09-30 11:27:44,1.52e-05,0.0503,-4.0,158.0,801.0,0.0005009999999999999
2021-09-30 11:28:45,1.52e-05,0.0503,-4.0,158.0,802.0,0.0005009999999999999
2021-09-30 11:29:46,1.52e-05,0.0504,-4.0,158.0,801.0,0.0005009999999999999
2021-09-30 11:30:46,1.51e-05,0.0504,-3.0,158.0,800.0,0.0005009999999999999
2021-09-30 11:31:47,1.51e-05,0.0504,-3.0,158.0,800.0,0.0005009999999999999
2021-09-30 11:32:47,1.51e-05,0.0504,-4.0,158.0,800.0,0.0005009999999999999
2021-09-30 11:33:48,1.4999999999999999e-05,0.0505,-4.0,158.0,800.0,0.0005009999999999999
2021-09-30 11:34:49,1.4999999999999999e-05,0.0505,-4.0,158.0,802.0,0.0005009999999999999
2021-09-30 11:35:49,1.49e-05,0.0505,-3.0,158.0,800.0,0.0005009999999999999
2021-09-30 11:36:50,1.49e-05,0.0506,-4.0,158.0,801.0,0.0005009999999999999
2021-09-30 11:37:51,1.49e-05,0.0505,-4.0,158.0,800.0,0.0005009999999999999
2021-09-30 11:38:51,1.4800000000000002e-05,0.0506,-4.0,158.0,800.0,0.0005009999999999999
2021-09-30 11:39:52,1.4800000000000002e-05,0.0506,-3.0,158.0,800.0,0.0005009999999999999
2021-09-30 11:40:53,1.4800000000000002e-05,0.0506,-4.0,158.0,801.0,0.0005009999999999999
2021-09-30 11:41:53,1.47e-05,0.0506,-3.0,158.0,802.0,0.0005009999999999999
2021-09-30 11:42:54,1.47e-05,0.0507,-4.0,158.0,800.0,0.0005009999999999999
2021-09-30 11:43:55,1.47e-05,0.0508,-4.0,158.0,800.0,0.0005009999999999999
2021-09-30 11:44:55,1.47e-05,0.0507,-3.0,158.0,801.0,0.0005009999999999999
2021-09-30 11:45:56,1.4599999999999999e-05,0.0507,-4.0,158.0,802.0,0.0005009999999999999
2021-09-30 11:46:57,1.4599999999999999e-05,0.0508,-4.0,158.0,800.0,0.0005009999999999999
2021-09-30 11:47:58,1.4599999999999999e-05,0.0508,-4.0,158.0,800.0,0.0005009999999999999
2021-09-30 11:48:58,1.4499999999999998e-05,0.0509,-4.0,158.0,802.0,0.0005009999999999999
2021-09-30 11:49:59,1.4499999999999998e-05,0.0508,-4.0,158.0,801.0,0.0005009999999999999
2021-09-30 11:50:59,1.4499999999999998e-05,0.0508,-4.0,158.0,802.0,0.0005009999999999999
2021-09-30 11:52:00,1.4499999999999998e-05,0.0508,-4.0,158.0,800.0,0.0005009999999999999
2021-09-30 11:53:01,1.4499999999999998e-05,0.0509,-4.0,158.0,800.0,0.0005009999999999999
2021-09-30 11:54:01,1.4400000000000001e-05,0.0508,-4.0,158.0,800.0,0.0005009999999999999
2021-09-30 11:55:02,1.4400000000000001e-05,0.0508,-4.0,158.0,800.0,0.0005009999999999999
2021-09-30 11:56:03,1.4400000000000001e-05,0.0508,-4.0,158.0,800.0,0.0005009999999999999
2021-09-30 11:57:04,1.4300000000000002e-05,0.0508,-4.0,158.0,800.0,0.0005009999999999999
2021-09-30 11:58:05,1.4300000000000002e-05,0.0509,-4.0,158.0,802.0,0.0005009999999999999
2021-09-30 11:59:05,1.4300000000000002e-05,0.0508,-4.0,158.0,800.0,0.0005009999999999999
2021-09-30 12:00:06,1.4300000000000002e-05,0.0509,-4.0,158.0,802.0,0.0005009999999999999
2021-09-30 12:01:07,1.4300000000000002e-05,0.0509,-3.0,158.0,800.0,0.0005009999999999999
2021-09-30 12:02:07,1.42e-05,0.0509,-3.0,158.0,800.0,0.0005009999999999999
2021-09-30 12:03:08,1.42e-05,0.0509,-3.0,158.0,801.0,0.0005009999999999999
2021-09-30 12:04:09,1.42e-05,0.051,-4.0,158.0,800.0,0.0005009999999999999
2021-09-30 12:05:09,1.42e-05,0.0509,-4.0,158.0,802.0,0.0005009999999999999
2021-09-30 12:06:10,1.42e-05,0.051,-3.0,158.0,800.0,0.0005009999999999999
2021-09-30 12:07:11,1.4099999999999999e-05,0.0511,-4.0,158.0,802.0,0.0005009999999999999
2021-09-30 12:08:12,1.4099999999999999e-05,0.0511,-4.0,158.0,800.0,0.0005009999999999999
2021-09-30 12:09:13,1.4000000000000001e-05,0.0511,-4.0,158.0,800.0,0.0005009999999999999
2021-09-30 12:10:13,1.51e-05,0.0512,-4.0,158.0,800.0,0.0005009999999999999
2021-09-30 12:11:14,1.47e-05,0.0512,-4.0,158.0,801.0,0.0005009999999999999
2021-09-30 12:12:15,1.4000000000000001e-05,0.0512,-4.0,158.0,800.0,0.0005009999999999999
2021-09-30 12:13:15,1.39e-05,0.0513,-4.0,158.0,801.0,0.0005009999999999999
2021-09-30 12:14:16,1.39e-05,0.0513,-4.0,158.0,802.0,0.0005009999999999999
2021-09-30 12:15:16,1.3800000000000002e-05,0.0512,-3.0,158.0,800.0,0.0005009999999999999
2021-09-30 12:16:17,1.3800000000000002e-05,0.0512,-4.0,158.0,802.0,0.0005009999999999999
2021-09-30 12:17:18,1.3800000000000002e-05,0.0512,-3.0,158.0,801.0,0.0005009999999999999
2021-09-30 12:18:19,1.3800000000000002e-05,0.0512,-3.0,158.0,800.0,0.0005009999999999999
2021-09-30 12:19:19,1.3800000000000002e-05,0.0512,-4.0,157.0,802.0,0.0005009999999999999
