datetime,water in,water out,oil,He,low pressure,high pressure,current,hours
2021-09-30 00:00:39,15.20055,15.79222,21.92556,21.39722,222.9124,223.3354,0.266835,29917.61
2021-09-30 00:01:39,16.37556,16.54778,21.90223,21.39722,222.9049,223.3617,0.27285,29917.61
2021-09-30 00:02:39,15.29611,15.835560000000001,21.907220000000002,21.38167,222.9086,223.3617,0.272845,29917.61
2021-09-30 00:03:39,16.226670000000002,16.419439999999998,21.90223,21.38167,222.9574,223.3404,0.27285,29917.61
2021-09-30 00:04:39,15.198329999999999,15.76389,21.892220000000002,21.37389,222.9111,223.3292,0.266835,29917.61
2021-09-30 00:05:42,16.38334,16.57111,21.86889,21.363889999999998,222.9249,223.3317,0.266835,29917.61
2021-09-30 00:06:42,15.26,15.76389,21.86611,21.35333,222.9099,223.2991,0.27285,29917.61
2021-09-30 00:07:42,16.23667,16.447779999999998,21.85333,21.34555,222.8773,223.2728,0.272845,29917.61
2021-09-30 00:08:42,15.162220000000001,15.70222,21.86611,21.34555,222.9124,223.3154,0.260305,29917.61
2021-09-30 00:09:42,16.39111,16.58389,21.86111,21.35333,222.8949,223.3016,0.27887,29917.61
2021-09-30 00:10:42,15.267779999999998,15.776670000000001,21.86611,21.34555,222.9061,223.3229,0.26683,29917.61
2021-09-30 00:11:45,16.275560000000002,16.488889999999998,21.86611,21.35333,222.9187,223.2966,0.266845,29917.61
2021-09-30 00:12:45,15.175,15.66889,21.84834,21.33,222.8936,223.2941,0.27285,29917.61
2021-09-30 00:13:45,16.39611,16.59389,21.843329999999998,21.327779999999997,222.8773,223.2778,0.27285,29917.61
2021-09-30 00:14:45,15.265,15.71222,21.84834,21.32222,222.8786,223.3116,0.27286,29917.61
2021-09-30 00:15:45,16.262220000000003,16.468329999999998,21.83778,21.33,222.8674,223.2428,0.27285,29917.61
2021-09-30 00:16:45,15.208329999999998,15.67111,21.84555,21.317220000000002,222.8936,223.2641,0.27286,29917.61
2021-09-30 00:17:45,16.406670000000002,16.60444,21.83778,21.32222,222.9099,223.2603,0.26683,29917.61
2021-09-30 00:18:45,15.30611,15.73056,21.82222,21.29389,222.9024,223.2353,0.266835,29917.61
2021-09-30 00:19:48,16.308889999999998,16.511670000000002,21.81222,21.30444,222.8849,223.2478,0.266835,29917.61
2021-09-30 00:20:48,15.29055,15.67389,21.84056,21.32,222.8599,223.2178,0.266845,29917.61
2021-09-30 00:21:48,16.419439999999998,16.63278,21.83556,21.30944,222.8924,223.2616,0.266835,29917.61
2021-09-30 00:22:48,15.347220000000002,15.70445,21.825,21.296670000000002,222.8573,223.2253,0.278875,29917.61
2021-09-30 00:23:48,16.32167,16.517220000000002,21.827779999999997,21.325,222.9061,223.1865,0.272855,29917.61
2021-09-30 00:24:51,15.378329999999998,15.691670000000002,21.84056,21.33,222.8523,223.224,0.254305,29917.61
2021-09-30 00:25:51,16.398889999999998,16.625,21.81444,21.29389,222.8373,223.1927,0.26683,29917.61
2021-09-30 00:26:51,15.44,15.75889,21.81222,21.29166,222.8974,223.2152,0.266835,29917.61
2021-09-30 00:27:51,16.32667,16.52722,21.79944,21.28389,222.8635,223.209,0.27287,29917.61
2021-09-30 00:28:51,15.40889,15.70222,21.78889,21.26833,222.8711,223.1715,0.27285,29917.61
2021-09-30 00:29:51,16.39333,16.63,21.81444,21.28889,222.8373,223.2228,0.26684,29917.61
2021-09-30 00:30:51,15.493889999999999,15.79222,21.79944,21.273329999999998,222.826,223.2028,0.26684,29917.61
2021-09-30 00:31:54,16.362779999999997,16.57611,21.78611,21.27611,222.8385,223.2003,0.266835,29917.61
2021-09-30 00:32:54,15.552779999999998,15.76111,21.76334,21.24778,222.8185,223.2353,0.272855,29917.61
2021-09-30 00:33:54,16.406670000000002,16.650560000000002,21.76833,21.252779999999998,222.8461,223.2203,0.272855,29917.61
2021-09-30 00:34:54,15.55556,15.83055,21.77611,21.27889,222.8248,223.2027,0.266835,29917.61
2021-09-30 00:35:54,16.365560000000002,16.59167,21.81222,21.28611,222.8799,223.2065,0.27287,29917.61
2021-09-30 00:36:54,15.53222,15.766110000000001,21.801660000000002,21.27611,222.8135,223.1764,0.27287,29917.61
2021-09-30 00:37:54,16.40111,16.64056,21.78389,21.26055,222.8135,223.1665,0.26031,29917.61
2021-09-30 00:38:54,15.60167,15.833329999999998,21.77889,21.252779999999998,222.8398,223.1753,0.26684,29917.61
2021-09-30 00:39:54,16.37278,16.59667,21.78611,21.25556,222.8436,223.2165,0.266835,29917.61
2021-09-30 00:40:57,15.75111,15.91056,21.76334,21.26055,222.7985,223.1827,0.27286,29917.61
2021-09-30 00:41:57,16.37278,16.65833,21.773329999999998,21.252779999999998,222.8723,223.1902,0.26684,29917.61
2021-09-30 00:42:57,15.725,15.948889999999999,21.76556,21.245,222.841,223.184,0.266845,29917.61
2021-09-30 00:43:57,16.34722,16.59389,21.76334,21.24,222.7835,223.1577,0.272855,29917.61
2021-09-30 00:44:57,15.75889,15.91056,21.76056,21.24278,222.801,223.1627,0.27287,29917.61
2021-09-30 00:45:57,16.34222,16.635,21.76556,21.24778,222.8073,223.1502,0.266845,29917.61
2021-09-30 00:46:57,15.77167,15.995,21.77611,21.26333,222.7748,223.1552,0.260335,29917.61
2021-09-30 00:47:57,16.34222,16.61222,21.78611,21.24278,222.7509,223.1577,0.266835,29917.61
2021-09-30 00:48:57,15.822779999999998,15.995,21.77889,21.245,222.816,223.1527,0.266835,29917.61
2021-09-30 00:50:00,16.25222,16.601670000000002,21.77889,21.25556,222.796,223.164,0.266835,29917.61
2021-09-30 00:51:00,15.871670000000002,16.067220000000002,21.801660000000002,21.25778,222.8098,223.1439,0.26684,29917.61
2021-09-30 00:52:00,16.27,16.601670000000002,21.801660000000002,21.25778,222.8161,223.1239,0.272855,29917.61
2021-09-30 00:53:00,15.951670000000002,16.09556,21.76556,21.23222,222.8248,223.1176,0.272855,29917.61
2021-09-30 00:54:00,16.20833,16.57611,21.77111,21.23222,222.7947,223.1152,0.26684,29917.61
2021-09-30 00:55:00,15.91056,16.092779999999998,21.76334,21.24,222.7647,223.1302,0.26032,29917.61
2021-09-30 00:56:03,16.075,16.488889999999998,21.75,21.22944,222.7998,223.1501,0.266835,29917.61
2021-09-30 00:57:03,16.075,16.20055,21.74278,21.21167,222.7496,223.1289,0.26032,29917.61
2021-09-30 00:58:03,16.01056,16.45778,21.745,21.21667,222.811,223.174,0.272865,29917.61
2021-09-30 00:59:03,15.95389,16.15444,21.74,21.21944,222.8524,223.1239,0.266835,29917.61
2021-09-30 01:00:03,16.05444,16.48611,21.74278,21.22445,222.7659,223.1202,0.27889,29917.61
2021-09-30 01:01:03,16.04389,16.17278,21.724439999999998,21.206670000000003,222.7397,223.1076,0.26033,29917.61
2021-09-30 01:02:03,15.99,16.435,21.72944,21.21444,222.7359,223.1101,0.272875,29917.61
2021-09-30 01:03:03,15.95889,16.13389,21.71167,21.19334,222.7797,223.1176,0.266835,29917.61
2021-09-30 01:04:03,16.03889,16.48333,21.724439999999998,21.19611,222.7384,223.1402,0.266845,29917.61
2021-09-30 01:05:06,16.12389,16.22889,21.703889999999998,21.191110000000002,222.7585,223.1302,0.26032,29917.61
2021-09-30 01:06:06,15.887220000000001,16.37556,21.71667,21.18611,222.751,223.1277,0.26684,29917.61
2021-09-30 01:07:06,16.01833,16.18778,21.691110000000002,21.18056,222.7872,223.1139,0.27286,29917.61
2021-09-30 01:08:06,15.87667,16.36,21.68833,21.19611,222.7359,223.1127,0.26032,29917.61
2021-09-30 01:09:06,16.17,16.27778,21.69611,21.191110000000002,222.7359,223.0838,0.266855,29917.61
2021-09-30 01:10:06,15.82555,16.352220000000003,21.691110000000002,21.17555,222.7372,223.1001,0.272855,29917.61
2021-09-30 01:11:06,16.04389,16.247220000000002,21.683329999999998,21.183329999999998,222.6909,223.0976,0.266845,29917.61
2021-09-30 01:12:09,15.635,16.21611,21.71444,21.18611,222.7347,223.1001,0.266845,29917.61
2021-09-30 01:13:09,16.255,16.39611,21.69333,21.19889,222.7822,223.1076,0.266835,29917.61
2021-09-30 01:14:09,15.57889,16.15222,21.71667,21.18833,222.821,223.0976,0.272865,29917.61
2021-09-30 01:15:09,16.10056,16.262220000000003,21.683329999999998,21.17834,222.7284,223.1126,0.266835,29917.61
2021-09-30 01:16:09,15.48611,16.08278,21.683329999999998,21.183329999999998,222.7509,223.0913,0.266845,29917.61
2021-09-30 01:17:09,16.27778,16.41667,21.67555,21.17834,222.7196,223.0976,0.266855,29917.61
2021-09-30 01:18:12,15.401110000000001,15.94111,21.670560000000002,21.165,222.7647,223.0726,0.27286,29917.61
2021-09-30 01:19:12,16.19833,16.38334,21.655,21.16,222.6971,223.0863,0.266855,29917.61
2021-09-30 01:20:12,15.29055,15.895,21.63944,21.14722,222.7021,223.0876,0.266835,29917.61
2021-09-30 01:21:12,16.28833,16.43222,21.63445,21.14444,222.7384,223.0977,0.266845,29917.61
2021-09-30 01:22:12,15.39889,15.946110000000001,21.64444,21.13944,222.6771,223.0826,0.260315,29917.61
2021-09-30 01:23:12,16.15444,16.32444,21.636670000000002,21.15,222.7371,223.0625,0.27287,29917.61
2021-09-30 01:24:12,15.29611,15.89722,21.62889,21.12667,222.7647,223.0976,0.26684,29917.61
2021-09-30 01:25:12,16.293329999999997,16.43222,21.60833,21.136670000000002,222.7509,223.0601,0.266855,29917.61
2021-09-30 01:26:12,15.36,15.905,21.59556,21.10333,222.6458,223.0964,0.266835,29917.61
2021-09-30 01:27:12,16.175,16.316670000000002,21.59056,21.10833,222.6696,223.0726,0.26032,29917.61
2021-09-30 01:28:15,15.20055,15.753329999999998,21.59056,21.10056,222.6846,223.0451,0.27287,29917.61
2021-09-30 01:29:15,16.355,16.52222,21.61111,21.11889,222.6195,223.0651,0.272865,29917.61
2021-09-30 01:30:15,15.316670000000002,15.833329999999998,21.59056,21.10056,222.622,223.0688,0.266855,29917.61
2021-09-30 01:31:15,16.23167,16.41389,21.59056,21.12167,222.6996,223.0701,0.26684,29917.61
2021-09-30 01:32:15,15.165,15.68389,21.593329999999998,21.10833,222.6521,223.0426,0.27286,29917.61
2021-09-30 01:33:18,16.355,16.535,21.57,21.10611,222.6908,223.0601,0.266835,29917.61
2021-09-30 01:34:18,15.29333,15.722779999999998,21.593329999999998,21.10333,222.6959,223.0776,0.27888,29917.61
2021-09-30 01:35:18,16.24445,16.447779999999998,21.58778,21.10333,222.5857,223.0701,0.26684,29917.61
2021-09-30 01:36:18,15.16722,15.645560000000001,21.58778,21.11111,222.6721,223.0513,0.266845,29917.61
2021-09-30 01:37:18,16.39111,16.58889,21.59056,21.09556,222.6483,223.0451,0.26684,29917.61
2021-09-30 01:38:21,15.298329999999998,15.70445,21.60833,21.10833,222.6908,223.0251,0.272855,29917.61
2021-09-30 01:39:21,16.29056,16.50389,21.61111,21.10611,222.6971,223.0601,0.260325,29917.61
2021-09-30 01:40:21,15.244439999999999,15.617220000000001,21.62389,21.12389,222.6859,223.03,0.26684,29917.61
2021-09-30 01:41:21,16.39333,16.601670000000002,21.60055,21.10833,222.6083,223.0563,0.266845,29917.61
2021-09-30 01:42:21,15.32444,15.707220000000001,21.59556,21.09055,222.6483,223.035,0.266845,29917.61
2021-09-30 01:43:21,16.308889999999998,16.509439999999998,21.613889999999998,21.10611,222.7309,223.0351,0.272855,29917.61
2021-09-30 01:44:21,15.282779999999999,15.645560000000001,21.61111,21.098329999999997,222.6421,223.03,0.272865,29917.61
2021-09-30 01:45:24,16.41167,16.63,21.59556,21.093329999999998,222.6808,223.045,0.27286,29917.61
2021-09-30 01:46:24,15.435,15.74833,21.62167,21.11611,222.607,223.0401,0.266845,29917.61
2021-09-30 01:47:24,16.30389,16.50667,21.613889999999998,21.10333,222.5407,223.0476,0.26684,29917.61
2021-09-30 01:48:24,15.33722,15.62,21.59556,21.08778,222.5507,223.0426,0.26684,29917.61
2021-09-30 01:49:24,16.41389,16.635,21.60055,21.10611,222.5469,223.0288,0.272875,29917.61
2021-09-30 01:50:24,15.401110000000001,15.68389,21.613889999999998,21.098329999999997,222.5482,223.03,0.26033,29917.61
2021-09-30 01:51:24,16.296110000000002,16.49389,21.60833,21.10833,222.6232,223.0576,0.27287,29917.61
2021-09-30 01:52:27,15.45,15.66111,21.57222,21.08,222.6045,223.05,0.27287,29917.61
2021-09-30 01:53:27,16.37055,16.60444,21.58778,21.08278,222.622,223.0376,0.266845,29917.61
2021-09-30 01:54:27,15.527220000000002,15.797220000000001,21.56222,21.09055,222.6934,223.0276,0.260325,29917.61
2021-09-30 01:55:27,16.33944,16.55278,21.57,21.075,222.6082,223.0225,0.27287,29917.61
2021-09-30 01:56:27,15.48889,15.725,21.567220000000002,21.067220000000002,222.6295,223.0401,0.26032,29917.61
2021-09-30 01:57:27,16.38334,16.60722,21.55944,21.06222,222.7159,223.0476,0.266845,29917.61
2021-09-30 01:58:27,15.54,15.805,21.57,21.09055,222.6571,223.0275,0.26032,29917.61
2021-09-30 01:59:27,16.337220000000002,16.54778,21.53889,21.067220000000002,222.5632,223.0363,0.266845,29917.61
2021-09-30 02:00:30,15.59167,15.753329999999998,21.546670000000002,21.067220000000002,222.6133,223.03,0.26684,29917.61
2021-09-30 02:01:30,16.365560000000002,16.59389,21.53889,21.07222,222.5019,223.0525,0.26686,29917.61
2021-09-30 02:02:30,15.64833,15.83833,21.53611,21.05445,222.4493,223.0325,0.27888,29917.61
2021-09-30 02:03:30,16.33445,16.558329999999998,21.523329999999998,21.05445,222.7096,223.035,0.26684,29917.61
2021-09-30 02:04:30,15.64056,15.781670000000002,21.50555,21.03611,222.6909,223.0125,0.26032,29917.61
2021-09-30 02:05:30,16.362779999999997,16.61222,21.51555,21.04167,222.632,223.02,0.26684,29917.61
2021-09-30 02:06:30,15.65056,15.895,21.53389,21.04945,222.6183,223.0326,0.26684,29917.61
2021-09-30 02:07:30,16.337220000000002,16.59167,21.52111,21.05944,222.5795,223.0363,0.26684,29917.61
2021-09-30 02:08:30,15.68944,15.869439999999999,21.54945,21.075,222.5094,223.0275,0.26686,29917.61
2021-09-30 02:09:30,16.352220000000003,16.61444,21.55444,21.05944,222.5369,223.0275,0.272865,29917.61
2021-09-30 02:10:30,15.71778,15.91056,21.54389,21.067220000000002,222.567,223.0326,0.272875,29917.61
2021-09-30 02:11:33,16.30111,16.58889,21.53889,21.05722,222.6533,223.035,0.266845,29917.61
2021-09-30 02:12:33,15.84111,15.99,21.52889,21.05167,222.592,223.0275,0.260325,29917.61
2021-09-30 02:13:33,16.296110000000002,16.59667,21.54945,21.05944,222.5782,223.03,0.266845,29917.61
2021-09-30 02:14:33,15.797220000000001,15.969439999999999,21.52889,21.067220000000002,222.6108,223.0326,0.27286,29917.61
2021-09-30 02:15:33,16.29056,16.58389,21.55722,21.08,222.5444,223.0226,0.27287,29917.61
2021-09-30 02:16:33,15.89,16.04889,21.53611,21.07222,222.5882,223.025,0.26685,29917.61
2021-09-30 02:17:33,16.27,16.58111,21.55722,21.07,222.6909,223.0351,0.26684,29917.61
2021-09-30 02:18:33,15.833329999999998,16.02111,21.55167,21.05445,222.7084,223.035,0.260325,29917.61
2021-09-30 02:19:36,16.182779999999998,16.52444,21.55944,21.07222,222.5245,223.03,0.27287,29917.61
2021-09-30 02:20:36,16.0,16.12111,21.54167,21.067220000000002,222.6508,223.01,0.27287,29917.61
2021-09-30 02:21:36,16.09778,16.50167,21.51333,21.04167,222.5632,223.04,0.266855,29917.61
2021-09-30 02:22:36,15.938329999999999,16.11611,21.54389,21.05722,222.5482,223.015,0.266845,29917.61
2021-09-30 02:23:36,16.11833,16.511670000000002,21.55444,21.067220000000002,222.5469,223.0225,0.27287,29917.61
2021-09-30 02:24:36,16.03889,16.18,21.54167,21.05944,222.572,223.0175,0.272875,29917.61
2021-09-30 02:25:36,16.01056,16.468329999999998,21.51056,21.046670000000002,222.612,223.0313,0.266845,29917.61
2021-09-30 02:26:36,15.948889999999999,16.14445,21.50777,21.04945,222.5957,223.0213,0.26033,29917.61
2021-09-30 02:27:36,16.01333,16.445,21.51555,21.02111,222.5369,223.0125,0.266845,29917.61
2021-09-30 02:28:36,16.06944,16.18778,21.502779999999998,21.02889,222.5807,223.0176,0.272865,29917.61
2021-09-30 02:29:36,15.938329999999999,16.386110000000002,21.49778,21.03111,222.5069,223.015,0.278895,29917.61
2021-09-30 02:30:36,15.972220000000002,16.12889,21.48722,21.03611,222.5019,223.0175,0.266855,29917.61
2021-09-30 02:31:36,15.95667,16.39611,21.49,21.01333,222.6045,223.0351,0.26684,29917.61
2021-09-30 02:32:36,16.092779999999998,16.19833,21.48222,21.02111,222.5068,223.0288,0.272875,29917.61
2021-09-30 02:33:39,15.756110000000001,16.247220000000002,21.461660000000002,20.995,222.4931,223.0225,0.26684,29917.61
2021-09-30 02:34:39,16.03889,16.20833,21.453889999999998,21.01556,222.5457,223.0126,0.272865,29917.61
2021-09-30 02:35:39,15.72778,16.26778,21.45889,21.0,222.4793,223.0262,0.27287,29917.61
2021-09-30 02:36:39,16.17778,16.31111,21.43611,20.995,222.4868,223.0175,0.26034,29917.61
2021-09-30 02:37:39,15.676110000000001,16.20833,21.41778,20.98222,222.4956,223.0125,0.27287,29917.61
2021-09-30 02:38:39,16.06944,16.262220000000003,21.420560000000002,20.97944,222.5582,223.025,0.266845,29917.61
2021-09-30 02:39:39,15.61222,16.16222,21.412779999999998,20.98222,222.5407,223.025,0.27287,29917.61
2021-09-30 02:40:39,16.17778,16.31111,21.41778,20.995,222.607,223.0275,0.26032,29917.61
2021-09-30 02:41:39,15.645560000000001,16.18,21.43055,20.985,222.5219,223.0175,0.266855,29917.61
2021-09-30 02:42:39,16.08,16.25722,21.41,20.99778,222.4856,223.0226,0.26686,29917.61
2021-09-30 02:43:39,15.62,16.17,21.415,20.95889,222.5194,223.01,0.272875,29917.61
2021-09-30 02:44:39,16.21611,16.36,21.4,20.96444,222.582,223.01,0.272865,29917.61
2021-09-30 02:45:39,15.59389,16.12389,21.415,20.96944,222.4743,223.015,0.26685,29917.61
2021-09-30 02:46:39,16.092779999999998,16.272779999999997,21.37389,20.974439999999998,222.572,223.02,0.266845,29917.61
2021-09-30 02:47:39,15.55556,16.12611,21.40222,20.96667,222.5369,223.01,0.266855,29917.61
2021-09-30 02:48:39,16.262220000000003,16.386110000000002,21.392220000000002,20.985,222.4205,222.9975,0.26685,29917.61
2021-09-30 02:49:39,15.473329999999999,16.03889,21.405,20.96167,222.4906,223.0101,0.26685,29917.61
2021-09-30 02:50:39,16.07222,16.24445,21.405,20.97167,222.5119,223.0175,0.272865,29917.61
2021-09-30 02:51:39,15.46055,16.03889,21.37389,20.96167,222.5932,223.005,0.260325,29917.61
2021-09-30 02:52:39,16.241670000000003,16.398889999999998,21.39445,20.96944,222.4418,223.0225,0.26685,29917.61
2021-09-30 02:53:39,15.46556,16.03611,21.37167,20.941110000000002,222.5206,223.0125,0.272865,29917.61
2021-09-30 02:54:39,16.136670000000002,16.33944,21.40222,20.953889999999998,222.433,222.9925,0.27286,29917.61
2021-09-30 02:55:42,15.280560000000001,15.89,21.37667,20.953889999999998,222.4731,223.0075,0.266845,29917.61
2021-09-30 02:56:42,16.272779999999997,16.43722,21.35833,20.956670000000003,222.5294,223.0101,0.272865,29917.61
2021-09-30 02:57:42,15.383329999999999,15.936110000000001,21.37667,20.95889,222.3654,223.0138,0.26686,29917.61
2021-09-30 02:58:42,16.14944,16.362779999999997,21.37667,20.94611,222.4756,223.0025,0.272865,29917.61
2021-09-30 02:59:42,15.29333,15.87445,21.39722,20.97167,222.3967,223.0125,0.278885,29917.61
2021-09-30 03:00:45,16.30611,16.48111,21.37389,20.96167,222.5106,223.01,0.272865,29917.61
2021-09-30 03:01:45,15.313889999999999,15.85389,21.37889,20.956670000000003,222.443,223.015,0.260325,29917.61
2021-09-30 03:02:45,16.19056,16.386110000000002,21.37667,20.96167,222.4481,223.005,0.266855,29917.61
2021-09-30 03:03:45,15.175,15.75889,21.35833,20.93833,222.4218,223.005,0.27287,29917.61
2021-09-30 03:04:45,16.31889,16.50167,21.35056,20.96167,222.4856,223.0025,0.272865,29917.61
2021-09-30 03:05:45,15.316670000000002,15.82555,21.37889,20.96167,222.3567,223.0038,0.260335,29917.61
2021-09-30 03:06:48,16.226670000000002,16.42444,21.36889,20.953889999999998,222.4631,223.0025,0.27287,29917.61
2021-09-30 03:07:48,15.162220000000001,15.686670000000001,21.36111,20.94889,222.373,223.0125,0.272865,29917.61
2021-09-30 03:08:48,16.36778,16.55556,21.36111,20.94611,222.4643,223.0,0.266845,29917.61
2021-09-30 03:09:48,15.282779999999999,15.74555,21.386670000000002,20.95889,222.3705,222.9975,0.260345,29917.61
2021-09-30 03:10:48,16.247220000000002,16.45778,21.36889,20.93056,222.4518,223.0,0.27287,29917.61
2021-09-30 03:11:48,15.14444,15.645560000000001,21.36889,20.953889999999998,222.4169,223.0025,0.26685,29917.61
2021-09-30 03:12:51,16.37556,16.58389,21.37167,20.95111,222.343,223.0075,0.26686,29917.61
2021-09-30 03:13:51,15.27555,15.69944,21.36611,20.94611,222.4656,223.0025,0.272865,29917.61
2021-09-30 03:14:51,16.28278,16.49111,21.37889,20.96444,222.3354,223.01,0.2789,29917.61
2021-09-30 03:15:51,15.223889999999999,15.645560000000001,21.37667,20.95889,222.378,223.005,0.26033,29917.61
2021-09-30 03:16:51,16.386110000000002,16.59945,21.36611,20.93611,222.4043,223.0025,0.26033,29917.61
2021-09-30 03:17:51,15.29611,15.66111,21.36611,20.920560000000002,222.3567,223.0,0.26686,29917.61
2021-09-30 03:18:51,16.29056,16.48333,21.36889,20.953889999999998,222.3479,223.0075,0.266845,29917.61
2021-09-30 03:19:54,15.29055,15.617220000000001,21.36111,20.941110000000002,222.4606,223.0025,0.26685,29917.61
2021-09-30 03:20:54,16.406670000000002,16.625,21.363889999999998,20.95111,222.3805,223.0,0.27287,29917.61
2021-09-30 03:21:54,15.42445,15.715,21.34834,20.92833,222.3979,223.0,0.260325,29917.61
2021-09-30 03:22:54,16.331670000000003,16.52444,21.34555,20.93611,222.3842,223.0063,0.26033,29917.61
2021-09-30 03:23:54,15.380560000000001,15.653329999999999,21.35056,20.93833,222.3542,223.0025,0.26685,29917.61
2021-09-30 03:24:54,16.41167,16.635,21.36111,20.93833,222.3829,222.9975,0.260335,29917.61
2021-09-30 03:25:57,15.48889,15.753329999999998,21.36889,20.94333,222.4143,223.0,0.266855,29917.61
2021-09-30 03:26:57,16.331670000000003,16.54778,21.35833,20.93833,222.3767,223.0025,0.27287,29917.61
2021-09-30 03:27:57,15.45778,15.74056,21.386670000000002,20.941110000000002,222.3442,223.0075,0.272885,29917.61
2021-09-30 03:28:57,16.398889999999998,16.648329999999998,21.386670000000002,20.96444,222.4155,223.0025,0.260335,29917.61
2021-09-30 03:29:57,15.52444,15.805,21.39445,20.94889,222.3817,223.0075,0.26033,29917.61
2021-09-30 03:30:57,16.33944,16.56556,21.39722,20.97167,222.438,223.01,0.260325,29917.61
2021-09-30 03:31:57,15.447779999999998,15.72,21.39722,20.96167,222.4218,223.0,0.272865,29917.61
2021-09-30 03:33:00,16.39333,16.64278,21.41778,20.98222,222.3479,223.005,0.260345,29917.61
2021-09-30 03:34:00,15.57611,15.82056,21.412779999999998,20.974439999999998,222.3505,223.005,0.266845,29917.61
2021-09-30 03:35:00,16.34722,16.56333,21.415,20.956670000000003,222.3629,223.0075,0.272875,29917.61
2021-09-30 03:36:00,15.563329999999999,15.802220000000002,21.4,20.97167,222.3254,223.005,0.26685,29917.61
2021-09-30 03:37:00,16.362779999999997,16.63778,21.412779999999998,20.97167,222.3854,222.9975,0.27287,29917.61
2021-09-30 03:38:00,15.60167,15.82056,21.415,20.941110000000002,222.3192,223.0025,0.266855,29917.61
2021-09-30 03:39:00,16.337220000000002,16.57611,21.41,20.96167,222.3904,222.995,0.27288,29917.61
2021-09-30 03:40:00,15.65056,15.86389,21.42278,20.974439999999998,222.3617,222.995,0.272865,29917.61
2021-09-30 03:41:00,16.36778,16.65556,21.41,20.97944,222.3091,223.005,0.266865,29917.61
2021-09-30 03:42:00,15.66889,15.928329999999999,21.441110000000002,20.99,222.3354,223.0,0.26686,29917.61
2021-09-30 03:43:00,16.352220000000003,16.60722,21.43055,20.974439999999998,222.4531,223.0151,0.26685,29917.61
2021-09-30 03:44:00,15.68944,15.871670000000002,21.44333,20.99,222.2753,223.0025,0.27289,29917.61
2021-09-30 03:45:00,16.398889999999998,16.68167,21.44889,21.0,222.1064,222.8599,29.699,29917.61
2021-09-30 03:46:03,15.75889,18.68167,18.165,44.04945,77.28161,326.6908,33.73148,31110.61
2021-09-30 03:47:03,16.38833,21.13167,20.52611,52.68,77.90612,327.2841,32.77264,31110.61
2021-09-30 03:48:03,16.11611,21.80945,21.04167,57.67722,78.25908000000001,327.8212,32.23093,31110.61
2021-09-30 03:49:03,17.05944,23.68056,23.02611,61.437780000000004,78.58825,328.0026,32.05458,31110.61
2021-09-30 03:50:03,16.265,23.42278,22.82,63.935,78.76344,328.1638,31.77791,31110.61
2021-09-30 03:51:03,17.57111,25.19333,24.54945,65.875,79.25652,328.2065,32.10904,31110.61
2021-09-30 03:52:06,16.092779999999998,24.21167,23.82222,67.28166,79.3655,328.3978,31.744329999999998,31110.61
2021-09-30 03:53:06,18.25222,26.291659999999997,25.60833,68.17721999999999,79.65454,328.3592,32.630140000000004,31110.61
2021-09-30 03:54:06,16.19056,25.11111,25.03611,69.03389,79.69083,328.5657,31.69097,31110.61
2021-09-30 03:55:06,18.14445,26.458890000000004,25.76555,69.53166,80.20145,328.4504,32.88364,31110.61
2021-09-30 03:56:06,16.74333,25.92833,25.920560000000002,70.10777,80.15515,328.6132,31.72798,31110.61
2021-09-30 03:57:06,17.38833,25.907220000000002,25.317220000000002,70.36667,80.31043000000001,328.5718,32.57352,31110.61
2021-09-30 03:58:06,18.10555,27.296670000000002,27.054440000000003,70.78555,80.7434,328.4694,31.73667,31110.61
2021-09-30 03:59:09,16.47833,25.495,25.27611,70.83278,80.67329000000001,328.6647,31.71394,31110.61
2021-09-30 04:00:09,18.90778,27.74277,27.214440000000003,71.165,81.13391999999999,328.5419,32.6901,31110.61
2021-09-30 04:01:09,16.22389,25.71944,25.72167,71.35110999999999,81.04137,328.7071,31.75522,31110.61
2021-09-30 04:02:09,18.84611,27.58778,26.96445,71.55,81.35556,328.6407,32.57502,31110.61
2021-09-30 04:03:09,16.69667,26.30167,26.392220000000002,71.74611999999999,81.29907,328.8711,31.68983,31110.61
2021-09-30 04:04:09,18.203329999999998,26.94111,26.34555,71.68888000000001,81.61333,328.7173,32.87455,31110.61
2021-09-30 04:05:12,17.355,27.01833,27.128890000000002,71.94,81.62080999999999,328.7495,31.70025,31110.61
2021-09-30 04:06:12,17.48611,26.4,25.89722,71.85110999999999,81.63834,328.8073,32.56582,31110.61
2021-09-30 04:07:12,18.41667,27.878890000000002,27.68833,72.10001,82.12023,328.6432,32.05679,31110.61
2021-09-30 04:08:12,16.54,25.87889,25.76555,72.00833,81.92121999999999,328.8636,31.81095,31110.61
2021-09-30 04:09:12,19.15944,28.14445,27.623890000000003,72.20444,82.31285,328.7448,32.71938,31110.61
2021-09-30 04:10:15,16.362779999999997,26.0,26.12167,72.29111,82.1839,328.816,31.70358,31110.61
2021-09-30 04:11:15,19.00555,27.861109999999996,27.252779999999998,72.21778,82.36299,328.6825,32.53465,31110.61
2021-09-30 04:12:15,16.76389,19.435,28.038890000000002,66.31778,227.8724,231.1652,0.29728000000000004,31110.61
2021-09-30 04:13:15,18.54278,19.337220000000002,28.75778,60.166669999999996,228.0226,228.8423,0.29125500000000004,31110.61
2021-09-30 04:14:15,16.822779999999998,24.71167,25.46667,71.215,81.9762,329.2376,31.546909999999997,32303.61
2021-09-30 04:15:15,17.66111,26.58278,26.665,71.105,81.87103,329.09,32.5675,32303.61
2021-09-30 04:16:18,16.37556,26.04945,26.58555,71.36667,81.81356,329.2102,31.76544,32303.61
2021-09-30 04:17:18,18.30111,27.201109999999996,27.05167,71.28278,82.01996,329.0713,32.643,32303.61
2021-09-30 04:18:18,16.80722,26.412779999999998,26.83778,71.60001,81.74475,329.2165,31.669140000000002,32303.61
2021-09-30 04:19:18,18.07722,26.89445,26.606109999999997,71.47944,82.04374,329.1065,32.70929,32303.61
2021-09-30 04:20:18,17.68167,27.325,27.68833,71.83278,82.13638,329.0675,31.70066,32303.61
2021-09-30 04:21:21,17.13389,26.16778,26.113889999999998,71.8539,82.07381,329.159,31.68188,32303.61
2021-09-30 04:22:21,18.83333,28.07222,28.036109999999997,71.85889,82.40044,328.9473,32.78369,32303.61
2021-09-30 04:23:21,16.39111,25.88944,26.16,71.69112,82.24531999999999,329.0198,31.61093,32303.61
2021-09-30 04:24:21,19.21611,28.085559999999997,27.76555,71.96889,82.56696,328.8122,32.48827,32303.61
2021-09-30 04:25:21,16.65833,26.356109999999997,26.73222,71.95555999999999,82.49564000000001,328.9161,31.634629999999998,32303.61
2021-09-30 04:26:21,18.61222,27.40222,27.002779999999998,71.99776999999999,82.7936,328.6482,32.70874,32303.61
2021-09-30 04:27:24,17.16722,26.889440000000004,27.33778,72.22278,82.72462,328.8335,31.740679999999998,32303.61
2021-09-30 04:28:24,18.11611,26.93334,26.58,72.34055,82.98371,328.717,32.7805,32303.61
2021-09-30 04:29:24,18.03389,27.68611,27.92555,72.17834,83.07629,328.5821,31.70685,32303.61
2021-09-30 04:30:24,16.83333,26.077779999999997,26.15,72.22778000000001,82.88863,328.6458,31.637970000000003,32303.61
2021-09-30 04:31:24,19.11833,28.235,27.979440000000004,72.20723000000001,83.17023,328.5157,32.84887,32303.61
2021-09-30 04:32:24,16.40111,26.02889,26.340559999999996,72.17834,83.07263,328.5821,31.52598,32303.61
2021-09-30 04:33:27,19.203329999999998,28.106109999999997,27.752779999999998,72.20444,83.32044,328.437,32.54502,32303.61
2021-09-30 04:34:27,16.66889,26.373890000000003,26.696109999999997,72.29111,83.12888000000001,328.4757,31.69342,32303.61
2021-09-30 04:35:27,18.64555,27.477220000000003,27.05167,72.18611,83.40924,328.3779,32.63281,32303.61
2021-09-30 04:36:27,17.329439999999998,27.093329999999998,27.446109999999997,72.42721999999999,83.25535,328.4569,31.72415,32303.61
2021-09-30 04:37:27,17.91778,26.80445,26.47444,72.48222,83.50941,328.3977,32.689659999999996,32303.61
2021-09-30 04:38:27,18.35,27.94333,28.036109999999997,72.40334,83.54945,328.3853,31.942840000000004,32303.61
2021-09-30 04:39:27,16.68167,26.05445,26.075,72.34834000000001,83.36046999999999,328.403,31.59771,32303.61
2021-09-30 04:40:30,19.136670000000002,28.271109999999997,27.98222,72.53166999999999,83.72966,328.229,33.014340000000004,32303.61
2021-09-30 04:41:30,16.406670000000002,26.05944,26.288890000000002,72.495,83.49319,328.3492,31.622809999999998,32303.61
2021-09-30 04:42:30,19.19833,28.10333,27.683329999999998,72.56555,83.75219,328.1465,32.53733,32303.61
2021-09-30 04:43:30,16.773889999999998,26.51333,26.80945,72.72556,83.58326,328.3078,31.69727,32303.61
2021-09-30 04:44:30,18.48333,27.34556,26.912779999999998,72.52889,83.93243000000001,328.1351,32.74961,32303.61
2021-09-30 04:45:33,17.386110000000002,27.15,27.41778,72.64944,83.68581999999999,328.2744,31.60993,32303.61
2021-09-30 04:46:33,17.953889999999998,26.861109999999996,26.46445,72.655,83.94996,328.1466,32.650859999999994,32303.61
2021-09-30 04:47:33,18.20611,27.85833,27.951109999999996,72.67555,84.01510999999999,328.1011,32.22157,32303.61
2021-09-30 04:48:33,16.66111,26.03111,26.05944,72.64166999999999,83.79854,328.1302,31.53353,32303.61
2021-09-30 04:49:33,19.21611,28.24278,27.856109999999997,72.75944,84.05378,327.9512,32.67373,32303.61
2021-09-30 04:50:36,16.40389,26.093329999999998,26.29389,72.70168000000001,83.86105,328.0914,31.58952,32303.61
2021-09-30 04:51:36,19.14944,28.05166,27.51833,72.73611,84.08385,327.8906,32.54195,32303.61
2021-09-30 04:52:36,16.83333,26.59556,26.75,73.01056,83.96376,328.0787,31.6873,32303.61
2021-09-30 04:53:36,18.357779999999998,27.24278,26.69333,73.09445,84.16521,327.845,32.72905,32303.61
2021-09-30 04:54:36,17.66333,27.433329999999998,27.554440000000003,72.96889,84.06004,327.9398,31.567829999999997,32303.61
2021-09-30 04:55:36,17.57611,26.58778,26.23722,72.825,84.07506,327.8538,32.62166,32303.61
2021-09-30 04:56:39,18.39111,27.96167,27.89722,72.88,84.35048,327.6908,32.608579999999996,32303.61
2021-09-30 04:57:39,16.59389,26.03611,26.03389,72.81444,84.1727,327.821,31.69335,32303.61
2021-09-30 04:58:39,19.262220000000003,28.25556,27.74778,72.94556,84.45303,327.7112,32.64539,32303.61
2021-09-30 04:59:39,16.48333,26.214440000000003,26.368890000000004,72.97389,84.17771,327.811,31.518,32303.61
2021-09-30 05:00:39,19.06222,27.99,27.39722,73.06334,84.52566,327.5872,32.55169,32303.61
2021-09-30 05:01:39,16.94389,26.72167,26.83278,73.25166999999999,84.34668,327.7382,31.74868,32303.61
2021-09-30 05:02:39,18.20833,27.11611,26.55722,72.83778000000001,84.53438,327.6084,32.70946,32303.61
2021-09-30 05:03:42,17.691670000000002,27.479440000000004,27.58,73.26222,84.52689000000001,327.6548,31.7289,32303.61
2021-09-30 05:04:42,17.558329999999998,26.575,26.11111,73.32222,84.51061,327.6046,32.57547,32303.61
2021-09-30 05:05:42,18.60722,28.136670000000002,27.9,73.12056,84.67204,327.5045,32.713570000000004,32303.61
2021-09-30 05:06:42,16.537779999999998,26.03611,26.01056,73.30112,84.39299,327.6258,31.77347,32303.61
2021-09-30 05:07:42,19.24944,28.24778,27.69111,73.18333,84.74221999999999,327.4904,32.72767,32303.61
2021-09-30 05:08:45,16.49111,26.22167,26.32,73.18889,84.55190999999999,327.5443,31.678409999999996,32303.61
2021-09-30 05:09:45,19.02611,27.958890000000004,27.368890000000004,73.02389000000001,84.84864,327.3669,32.63245,32303.61
2021-09-30 05:10:45,16.920560000000002,26.719440000000002,26.840559999999996,73.34334,84.59326,327.4844,31.628190000000004,32303.61
2021-09-30 05:11:45,18.28056,27.19111,26.533890000000003,73.31721999999999,84.79965,327.3432,32.85133,32303.61
2021-09-30 05:12:45,17.815,27.593329999999998,27.636670000000002,73.25667,84.85861,327.3617,31.64725,32303.61
2021-09-30 05:13:48,17.59667,26.655,26.19334,73.20721999999999,84.72966,327.4243,32.5374,32303.61
2021-09-30 05:14:48,18.60722,28.15223,27.878890000000002,73.31944,84.95618,327.2341,32.63057,32303.61
2021-09-30 05:15:48,16.54,26.067220000000002,26.00555,73.25445,84.69215,327.3065,31.632720000000003,32303.61
2021-09-30 05:16:48,19.25722,28.26555,27.708890000000004,73.30389,84.93743,327.1265,32.81856,32303.61
2021-09-30 05:17:48,16.52444,26.31444,26.40222,73.12611,84.80223000000001,327.248,31.697770000000002,32303.61
2021-09-30 05:18:51,19.05667,27.98722,27.37667,73.38,85.07383,327.0414,32.66277,32303.61
2021-09-30 05:19:51,16.920560000000002,26.706670000000003,26.843329999999998,73.36667,84.83855,327.195,31.613740000000004,32303.61
2021-09-30 05:20:51,18.29833,27.22444,26.60055,73.22556,85.01122,326.9612,32.66012,32303.61
2021-09-30 05:21:51,17.74833,27.51833,27.57,73.31721999999999,85.03387,327.0475,31.735970000000002,32303.61
2021-09-30 05:22:51,17.53,26.59556,26.10611,73.29333000000001,84.95496,327.0275,32.56276,32303.61
2021-09-30 05:23:51,18.71,28.18611,27.93833,73.25166999999999,85.11884,326.7972,32.73673,32303.61
2021-09-30 05:24:54,16.738329999999998,26.136670000000002,26.03111,73.20167,84.88734000000001,327.025,31.632659999999998,32303.61
2021-09-30 05:25:54,19.247220000000002,28.35833,27.86611,73.30945,85.11891999999999,326.7821,32.68013,32303.61
2021-09-30 05:26:54,16.48333,26.22445,26.309440000000002,73.27278000000001,85.03125,326.965,31.67675,32303.61
2021-09-30 05:27:54,18.99778,27.97167,27.407220000000002,73.30945,85.20772,326.7224,32.50435,32303.61
2021-09-30 05:28:54,16.90278,26.729440000000004,26.930559999999996,73.09445,85.00383000000001,326.8223,31.58826,32303.61
2021-09-30 05:29:54,18.47833,27.38167,26.781109999999998,73.09167,85.3091,326.6896,32.78782,32303.61
2021-09-30 05:30:57,17.442220000000002,27.27334,27.41,73.3511,85.16518,326.7133,31.75173,32303.61
2021-09-30 05:31:57,17.691670000000002,26.67555,26.25778,73.09722,85.1214,326.7534,32.54761,32303.61
2021-09-30 05:32:57,18.537779999999998,28.09555,27.92278,73.27278000000001,85.34176,326.621,32.0155,32303.61
2021-09-30 05:33:57,16.794439999999998,26.170560000000002,26.01333,73.22778000000001,84.97739,326.7086,31.646320000000003,32303.61
2021-09-30 05:34:57,19.272779999999997,28.368890000000004,27.848329999999997,73.34833,85.36174,326.5482,32.71751,32303.61
2021-09-30 05:35:57,16.51444,26.245,26.309440000000002,73.16501,85.1302,326.6544,31.63355,32303.61
2021-09-30 05:36:57,19.11056,28.036109999999997,27.428340000000002,73.23056,85.43306,326.4041,32.62918,32303.61
2021-09-30 05:37:57,16.93111,26.70389,26.81444,73.38,85.22779,326.6794,31.67013,32303.61
2021-09-30 05:38:57,18.345,27.26333,26.66778,73.21222,85.47438000000001,326.4105,32.69082,32303.61
2021-09-30 05:39:57,17.66333,27.45389,27.54389,73.21778,85.15643,326.5757,31.51827,32303.61
2021-09-30 05:40:57,17.59667,26.63445,26.19611,73.22556,85.19521,326.5296,32.57253,32303.61
2021-09-30 05:41:57,18.65055,28.136670000000002,27.93611,73.20944,85.5169,326.4034,32.72399,32303.61
2021-09-30 05:42:57,16.64278,26.12389,26.01556,73.06056,85.21275,326.4543,31.49438,32303.61
2021-09-30 05:44:00,19.29055,28.350559999999998,27.83,73.10221999999999,85.57698,326.3152,32.7103,32303.61
2021-09-30 05:45:00,16.47833,26.17555,26.235,73.23611,85.27415,326.3993,31.624540000000003,32303.61
2021-09-30 05:46:00,19.07722,28.01833,27.451109999999996,73.30112,85.64209,326.1915,32.592209999999994,32303.61
2021-09-30 05:47:00,16.81778,26.598329999999997,26.771109999999997,73.20444,85.40167,326.3603,31.663429999999998,32303.61
2021-09-30 05:48:00,18.56833,27.443340000000003,26.80445,72.97945,85.64459000000001,326.0766,32.5719,32303.61
2021-09-30 05:49:00,17.48333,27.26833,27.415,73.18611,85.43048,326.2726,31.569209999999998,32303.61
2021-09-30 05:50:00,17.77167,26.783890000000003,26.26333,72.95555999999999,85.4668,326.3081,32.422940000000004,32303.61
2021-09-30 05:51:00,18.33444,27.948890000000002,27.840559999999996,73.00556,85.62326,326.0939,31.652340000000002,32303.61
2021-09-30 05:52:00,16.83833,26.15,26.00555,72.93723,85.3829,326.1924,31.634190000000004,32303.61
2021-09-30 05:53:00,19.175,28.31222,27.843329999999998,73.03667,85.73838,326.0658,32.64164,32303.61
2021-09-30 05:54:03,16.45778,26.08778,26.17834,72.995,85.55944000000001,326.1128,31.63317,32303.61
2021-09-30 05:55:03,19.15444,28.090559999999996,27.559440000000002,73.02389000000001,85.72594000000001,325.9597,32.37709,32303.61
2021-09-30 05:56:03,16.70222,26.44111,26.590559999999996,73.13110999999999,85.4343,326.0863,31.5888,32303.61
2021-09-30 05:57:03,18.68667,27.559440000000002,26.96667,72.88499,85.80726999999999,325.855,32.74669,32303.61
2021-09-30 05:58:03,17.31111,27.10833,27.24,72.995,85.5407,325.9948,31.56946,32303.61
2021-09-30 05:59:06,17.86167,26.81444,26.343329999999998,72.87444,85.62699,325.9237,32.49759,32303.61
2021-09-30 06:00:06,18.15944,27.80722,27.752779999999998,73.03667,85.79729,325.8087,31.569340000000004,32303.61
2021-09-30 06:01:06,16.97445,26.20889,25.96444,73.02665999999999,85.64324,325.9109,31.52539,32303.61
2021-09-30 06:02:06,19.08278,28.283890000000003,27.840559999999996,73.03445,85.8498,325.7809,32.69192,32303.61
2021-09-30 06:03:06,16.435,26.077779999999997,26.17278,72.9639,85.55945,325.8298,31.524890000000003,32303.61
2021-09-30 06:04:06,19.04167,27.97444,27.42278,73.05277,85.84354,325.6957,32.50404,32303.61
2021-09-30 06:05:06,16.715,26.479440000000004,26.662779999999998,73.01611,85.63826,325.8847,31.570320000000002,32303.61
2021-09-30 06:06:09,18.70722,27.577779999999997,26.97167,72.85611,85.93867,325.6457,32.72377,32303.61
2021-09-30 06:07:09,17.17278,26.958890000000004,27.123890000000003,73.03667,85.56066,325.781,31.62412,32303.61
2021-09-30 06:08:09,18.00778,26.930559999999996,26.448890000000002,72.85110999999999,85.75971,325.7195,32.55523,32303.61
2021-09-30 06:09:09,18.051660000000002,27.71445,27.698890000000002,72.83778000000001,85.97366,325.6455,31.71875,32303.61
2021-09-30 06:10:09,16.995,26.235,26.05722,72.73833,85.66462,325.7484,31.58255,32303.61
2021-09-30 06:11:12,18.884439999999998,28.21445,27.9,72.90055,85.87737,325.5404,32.62243,32303.61
2021-09-30 06:12:12,16.517220000000002,26.02611,26.02334,72.78833,85.70586999999999,325.6434,31.5811,32303.61
2021-09-30 06:13:12,19.22389,28.139440000000004,27.58,72.92721999999999,85.92741,325.5246,32.50329,32303.61
2021-09-30 06:14:12,16.57611,26.291659999999997,26.448890000000002,72.97166,85.71463,325.6221,31.59474,32303.61
2021-09-30 06:15:12,18.802220000000002,27.67278,27.059440000000002,72.97166,85.93743,325.4066,32.58461,32303.61
2021-09-30 06:16:12,17.11611,26.87167,27.077779999999997,73.13389000000001,85.6408,325.6995,31.60567,32303.61
2021-09-30 06:17:15,18.308889999999998,27.19111,26.590559999999996,72.98222,85.76345,325.562,32.815870000000004,32303.61
2021-09-30 06:18:15,17.74333,27.477220000000003,27.58778,72.98722,85.84111,325.5733,31.75775,32303.61
2021-09-30 06:19:15,17.265,26.373890000000003,26.03389,72.85611,85.69841,325.5468,32.35918,32303.61
2021-09-30 06:20:15,18.797220000000003,28.18611,27.894440000000003,73.04222,86.01869,325.348,32.65977,32303.61
2021-09-30 06:21:15,16.49667,26.00555,25.96667,72.94556,85.80228000000001,325.5355,31.76854,32303.61
2021-09-30 06:22:15,19.226670000000002,28.19111,27.68055,73.05,86.00624,325.3467,32.55373,32303.61
2021-09-30 06:23:15,16.635,26.378890000000002,26.49277,72.98222,85.75719000000001,325.4306,31.638379999999998,32303.61
2021-09-30 06:24:18,18.75333,27.662779999999998,27.077779999999997,72.825,86.01254,325.2252,32.622279999999996,32303.61
2021-09-30 06:25:18,17.07722,26.87167,27.02611,72.95333000000001,85.77466,325.3892,31.613020000000002,32303.61
2021-09-30 06:26:18,18.23944,27.14722,26.58778,72.86389,85.96125,325.2491,32.76675,32303.61
2021-09-30 06:27:18,17.86167,27.57,27.65222,72.95056,86.14643000000001,325.1564,31.61335,32303.61
2021-09-30 06:28:18,16.805,26.09556,25.93833,72.95056,85.89986999999999,325.2643,31.73852,32303.61
2021-09-30 06:29:21,19.00777,28.25556,27.83555,72.94278,86.03503,325.0688,32.77205,32303.61
2021-09-30 06:30:21,16.488889999999998,26.02611,26.10611,72.84333000000001,85.8999,325.2415,31.73753,32303.61
2021-09-30 06:31:21,19.24444,28.180559999999996,27.628890000000002,73.00556,86.14263000000001,325.1227,32.546820000000004,32303.61
2021-09-30 06:32:21,16.802220000000002,26.49778,26.60055,72.94,85.84857,325.1964,31.526909999999997,32303.61
2021-09-30 06:33:21,18.39111,27.25,26.678340000000002,72.88223,86.2027,325.0216,32.81227,32303.61
2021-09-30 06:34:21,17.63778,27.350559999999998,27.469440000000002,72.9639,85.85481999999999,325.3394,31.63717,32303.61
2021-09-30 06:35:24,17.81778,26.788890000000002,26.273329999999998,72.79611,85.86480999999999,325.209,32.685320000000004,32303.61
2021-09-30 06:36:24,18.26778,27.87667,27.79389,72.9639,86.00126999999999,325.1016,32.67799,32303.61
2021-09-30 06:37:24,16.51444,25.95889,25.9,72.88778,85.72591,325.2191,31.70693,32303.61
2021-09-30 06:38:24,19.20055,28.15223,27.58555,72.78556,86.02122,325.0629,32.766529999999996,32303.61
2021-09-30 06:39:24,16.48611,26.22445,26.31444,72.9639,85.82855,325.1175,31.81349,32303.61
2021-09-30 06:40:27,19.04889,27.95389,27.35833,72.86389,86.15018,324.9297,32.8862,32303.61
2021-09-30 06:41:27,16.920560000000002,26.63445,26.763340000000003,72.99221999999999,85.83473000000001,325.1065,31.78075,32303.61
2021-09-30 06:42:27,18.01056,26.93334,26.356109999999997,72.92944,85.97495,324.9074,32.93575,32303.61
2021-09-30 06:43:27,17.974439999999998,27.65222,27.67056,72.90334,86.08759,324.8973,32.00269,32303.61
2021-09-30 06:44:27,17.293329999999997,26.4,26.05944,72.80112,85.87354,325.0065,32.49115,32303.61
2021-09-30 06:45:27,18.83833,28.180559999999996,27.85333,72.84834000000001,86.18149,324.8497,32.74865,32303.61
2021-09-30 06:46:27,16.421670000000002,26.02889,26.113889999999998,72.90055,85.89737,324.9664,31.694259999999996,32303.61
2021-09-30 06:47:30,19.20611,28.15223,27.60333,72.89278,86.26781,324.7421,32.703179999999996,32303.61
2021-09-30 06:48:30,16.61222,26.348340000000004,26.485,73.07333,86.04253,324.8537,31.89205,32303.61
2021-09-30 06:49:30,18.843329999999998,27.696109999999997,27.09556,72.71223,86.34919000000001,324.7222,32.81088,32303.61
